Subject,WorkTimeInSeconds,AnnaTotal,KateTotal,Winner,Prompt,AnswerType,Answer,Comprehension1,Comprehension2,Comprehension3,Anna1,Anna2,Kate1,Kate2
714,143,7,10,KATE,RIGHT,Binary,0,TRUE,TRUE,TRUE,1,6,6,4
32,72,4,7,KATE,CORRECT,Binary,0,TRUE,TRUE,TRUE,1,3,6,1
1181,55,2,2,KATE,TRUE,Binary,1,TRUE,FALSE,TRUE,1,1,1,1
1030,166,2,2,KATE,TRUE,Binary,0,TRUE,FALSE,TRUE,1,1,1,1
475,809,7,10,KATE,RIGHT,Binary,0,TRUE,TRUE,TRUE,2,5,5,5
921,90,2,2,KATE,TRUE,Binary,1,TRUE,FALSE,TRUE,1,1,1,1
171,77,4,7,KATE,CORRECT,Binary,0,TRUE,TRUE,TRUE,3,1,5,2
691,224,2,2,KATE,TRUE,Binary,0,TRUE,TRUE,TRUE,1,1,1,1
1341,86,7,10,KATE,RIGHT,Binary,0,TRUE,TRUE,TRUE,4,3,4,6
185,52,4,7,KATE,CORRECT,Binary,0,TRUE,TRUE,TRUE,2,2,4,3
623,120,7,10,KATE,RIGHT,Binary,0,TRUE,TRUE,FALSE,1,6,4,6
113,351,4,7,KATE,CORRECT,Binary,0,TRUE,TRUE,TRUE,2,2,1,6
1348,411,2,2,KATE,TRUE,Binary,0,TRUE,FALSE,TRUE,1,1,1,1
324,57,2,2,KATE,TRUE,Binary,0,TRUE,FALSE,TRUE,1,1,1,1
304,156,4,7,KATE,CORRECT,Binary,0,TRUE,TRUE,TRUE,2,2,1,6
919,254,7,10,KATE,RIGHT,Binary,0,TRUE,TRUE,TRUE,2,5,4,6
784,146,4,7,KATE,CORRECT,Binary,0,TRUE,TRUE,TRUE,2,2,3,4
581,95,2,2,KATE,TRUE,Binary,0,TRUE,TRUE,TRUE,1,1,1,1
1436,282,4,7,KATE,CORRECT,Binary,0,TRUE,TRUE,TRUE,2,2,6,1
1016,46,7,10,KATE,RIGHT,Binary,0,TRUE,TRUE,TRUE,4,3,5,5
1078,262,4,7,KATE,CORRECT,Binary,0,TRUE,TRUE,TRUE,2,2,6,1
665,133,2,2,KATE,TRUE,Binary,0,TRUE,TRUE,TRUE,1,1,1,1
867,95,4,7,KATE,CORRECT,Binary,1,TRUE,TRUE,TRUE,3,1,2,5
1394,219,7,10,KATE,RIGHT,Binary,1,TRUE,FALSE,TRUE,3,4,6,4
182,132,2,2,KATE,TRUE,Binary,1,FALSE,TRUE,TRUE,1,1,1,1
41,140,4,7,KATE,CORRECT,Binary,0,TRUE,TRUE,TRUE,3,1,2,5
1218,240,7,10,KATE,RIGHT,Binary,0,TRUE,TRUE,TRUE,5,2,4,6
1307,224,2,2,KATE,TRUE,Binary,0,TRUE,TRUE,FALSE,1,1,1,1
134,198,2,2,KATE,TRUE,Binary,0,TRUE,TRUE,TRUE,1,1,1,1
1382,586,7,10,KATE,RIGHT,Binary,0,FALSE,TRUE,TRUE,1,6,5,5
426,85,4,7,KATE,CORRECT,Binary,0,TRUE,TRUE,TRUE,1,3,5,2
711,147,2,2,KATE,TRUE,Binary,0,TRUE,TRUE,TRUE,1,1,1,1
1166,67,2,2,KATE,TRUE,Binary,0,TRUE,TRUE,TRUE,1,1,1,1
834,81,4,7,KATE,CORRECT,Binary,0,TRUE,TRUE,TRUE,2,2,5,2
436,264,7,10,KATE,RIGHT,Binary,0,TRUE,TRUE,TRUE,1,6,5,5
608,274,2,2,KATE,TRUE,Binary,0,TRUE,TRUE,TRUE,1,1,1,1
229,220,4,7,KATE,CORRECT,Binary,0,TRUE,TRUE,TRUE,1,3,2,5
108,104,2,2,KATE,TRUE,Binary,0,FALSE,TRUE,TRUE,1,1,1,1
1227,389,7,10,KATE,RIGHT,Binary,0,TRUE,TRUE,TRUE,4,3,6,4
126,264,2,2,KATE,TRUE,Binary,0,FALSE,TRUE,TRUE,1,1,1,1
600,102,4,7,KATE,CORRECT,Binary,0,TRUE,TRUE,TRUE,1,3,6,1
130,297,4,7,KATE,CORRECT,Binary,0,TRUE,TRUE,TRUE,1,3,5,2
1072,190,2,2,KATE,TRUE,Binary,0,TRUE,TRUE,TRUE,1,1,1,1
1302,105,7,10,KATE,RIGHT,Binary,0,TRUE,TRUE,TRUE,4,3,4,6
1406,195,4,7,KATE,CORRECT,Binary,0,TRUE,TRUE,TRUE,3,1,2,5
491,586,2,2,KATE,TRUE,Binary,0,TRUE,TRUE,TRUE,1,1,1,1
211,164,4,7,KATE,CORRECT,Binary,1,TRUE,TRUE,TRUE,1,3,5,2
72,269,7,10,KATE,RIGHT,Binary,0,TRUE,TRUE,TRUE,3,4,6,4
1205,1044,2,2,KATE,TRUE,Binary,0,TRUE,TRUE,TRUE,1,1,1,1
207,96,4,7,KATE,CORRECT,Binary,0,TRUE,TRUE,TRUE,2,2,3,4
851,317,7,10,KATE,RIGHT,Binary,0,TRUE,FALSE,TRUE,6,1,5,5
206,502,2,2,KATE,TRUE,Binary,1,TRUE,TRUE,TRUE,1,1,1,1
1339,132,7,10,KATE,RIGHT,Binary,0,TRUE,TRUE,TRUE,4,3,6,4
1,62,4,2,ANNA,TRUE,Binary,1,TRUE,TRUE,TRUE,3,1,1,1
286,59,7,10,KATE,RIGHT,Binary,0,TRUE,TRUE,TRUE,1,6,4,6
238,103,7,10,KATE,RIGHT,Binary,0,TRUE,TRUE,TRUE,1,6,5,5
1330,75,7,4,ANNA,CORRECT,Binary,1,TRUE,TRUE,TRUE,3,4,2,2
1212,144,4,2,ANNA,TRUE,Binary,1,FALSE,TRUE,TRUE,1,3,1,1
1034,128,7,10,KATE,RIGHT,Binary,0,TRUE,TRUE,TRUE,4,3,5,5
215,182,4,2,ANNA,TRUE,Binary,0,TRUE,FALSE,FALSE,2,2,1,1
1102,145,7,4,ANNA,CORRECT,Binary,0,TRUE,TRUE,TRUE,2,5,1,3
577,319,7,10,KATE,RIGHT,Binary,0,TRUE,TRUE,TRUE,2,5,4,6
776,70,4,2,ANNA,TRUE,Binary,1,TRUE,TRUE,TRUE,1,3,1,1
536,130,4,2,ANNA,TRUE,Binary,1,TRUE,TRUE,TRUE,2,2,1,1
799,94,10,7,ANNA,RIGHT,Binary,1,FALSE,TRUE,TRUE,5,5,2,5
112,223,4,2,ANNA,TRUE,Binary,1,TRUE,TRUE,TRUE,2,2,1,1
99,53,10,7,ANNA,RIGHT,Binary,1,TRUE,TRUE,TRUE,6,4,3,4
1153,497,10,7,ANNA,RIGHT,Binary,1,TRUE,TRUE,TRUE,4,6,1,6
643,104,4,2,ANNA,TRUE,Binary,1,TRUE,TRUE,TRUE,3,1,1,1
195,75,7,4,ANNA,CORRECT,Binary,1,TRUE,TRUE,TRUE,5,2,1,3
1168,241,4,2,ANNA,TRUE,Binary,1,TRUE,TRUE,TRUE,2,2,1,1
76,119,4,2,ANNA,TRUE,Binary,1,TRUE,TRUE,TRUE,3,1,1,1
651,108,10,7,ANNA,RIGHT,Binary,1,TRUE,TRUE,TRUE,4,6,5,2
1228,1085,7,4,ANNA,CORRECT,Binary,1,TRUE,TRUE,TRUE,4,3,2,2
1064,114,7,4,ANNA,CORRECT,Binary,0,TRUE,TRUE,TRUE,2,5,1,3
594,28,4,2,ANNA,TRUE,Binary,1,FALSE,TRUE,TRUE,2,2,1,1
1279,248,10,7,ANNA,RIGHT,Binary,1,TRUE,TRUE,TRUE,6,4,6,1
906,89,4,2,ANNA,TRUE,Binary,0,TRUE,TRUE,FALSE,1,3,1,1
301,385,7,4,ANNA,CORRECT,Binary,0,FALSE,TRUE,FALSE,6,1,1,3
781,126,10,7,ANNA,RIGHT,Binary,1,TRUE,TRUE,TRUE,6,4,2,5
999,119,7,4,ANNA,CORRECT,Binary,1,TRUE,FALSE,TRUE,2,5,3,1
395,100,4,2,ANNA,TRUE,Binary,1,TRUE,TRUE,TRUE,2,2,1,1
896,135,10,7,ANNA,RIGHT,Binary,1,TRUE,TRUE,TRUE,4,6,1,6
642,390,7,4,ANNA,CORRECT,Binary,1,TRUE,TRUE,FALSE,1,6,3,1
1175,76,10,7,ANNA,RIGHT,Binary,0,TRUE,TRUE,TRUE,5,5,2,5
1327,1129,4,2,ANNA,TRUE,Binary,1,TRUE,TRUE,FALSE,2,2,1,1
53,150,7,4,ANNA,CORRECT,Binary,1,TRUE,TRUE,TRUE,5,2,3,1
1209,95,10,7,ANNA,RIGHT,Binary,1,TRUE,TRUE,TRUE,4,6,3,4
1225,124,7,4,ANNA,CORRECT,Binary,1,TRUE,TRUE,TRUE,6,1,1,3
1343,162,4,2,ANNA,TRUE,Binary,0,TRUE,TRUE,TRUE,3,1,1,1
573,129,7,4,ANNA,CORRECT,Binary,1,TRUE,TRUE,TRUE,2,5,3,1
22,116,4,2,ANNA,TRUE,Binary,1,TRUE,TRUE,TRUE,3,1,1,1
1429,121,10,7,ANNA,RIGHT,Binary,1,TRUE,TRUE,TRUE,4,6,2,5
1084,152,7,4,ANNA,CORRECT,Binary,1,TRUE,TRUE,TRUE,3,4,2,2
992,186,4,2,ANNA,TRUE,Binary,0,TRUE,FALSE,TRUE,2,2,1,1
680,85,10,7,ANNA,RIGHT,Binary,1,TRUE,TRUE,FALSE,4,6,6,1
991,125,4,2,ANNA,TRUE,Binary,1,TRUE,TRUE,FALSE,1,3,1,1
545,262,7,4,ANNA,CORRECT,Binary,1,TRUE,TRUE,TRUE,5,2,2,2
821,253,7,4,ANNA,CORRECT,Binary,1,TRUE,TRUE,TRUE,4,3,1,3
1256,337,4,2,ANNA,TRUE,Binary,1,TRUE,TRUE,TRUE,3,1,1,1
677,173,10,7,ANNA,RIGHT,Binary,1,TRUE,FALSE,TRUE,6,4,2,5
51,74,4,2,ANNA,TRUE,Binary,1,TRUE,TRUE,TRUE,1,3,1,1
1248,207,10,7,ANNA,RIGHT,Binary,1,TRUE,TRUE,TRUE,6,4,4,3
102,179,7,4,ANNA,CORRECT,Binary,0,TRUE,TRUE,TRUE,3,4,2,2
251,113,4,2,ANNA,TRUE,Binary,1,TRUE,TRUE,TRUE,1,3,1,1
306,240,10,7,ANNA,RIGHT,Binary,1,TRUE,TRUE,TRUE,5,5,3,4
1038,137,7,4,ANNA,CORRECT,Binary,1,TRUE,TRUE,TRUE,4,3,2,2
1325,477,10,7,ANNA,RIGHT,Binary,1,TRUE,TRUE,TRUE,6,4,4,3
1437,160,7,4,ANNA,CORRECT,Binary,1,TRUE,TRUE,TRUE,3,4,1,3
1365,119,4,7,KATE,TRUE,Binary,0,TRUE,FALSE,TRUE,2,2,5,2
1324,124,7,4,ANNA,CORRECT,Binary,1,FALSE,FALSE,FALSE,1,6,1,3
116,118,10,7,ANNA,RIGHT,Binary,0,TRUE,TRUE,TRUE,5,5,1,6
266,159,4,7,KATE,TRUE,Binary,0,TRUE,FALSE,FALSE,3,1,4,3
1161,77,7,4,ANNA,CORRECT,Binary,1,TRUE,TRUE,TRUE,3,4,3,1
365,857,10,7,ANNA,RIGHT,Binary,1,TRUE,TRUE,FALSE,4,6,1,6
181,195,7,10,KATE,CORRECT,Binary,1,TRUE,TRUE,TRUE,1,6,6,4
257,329,10,12,KATE,RIGHT,Binary,1,FALSE,TRUE,TRUE,5,5,6,6
727,21,4,7,KATE,TRUE,Binary,1,FALSE,FALSE,TRUE,3,1,4,3
28,129,4,7,KATE,TRUE,Binary,0,TRUE,TRUE,TRUE,3,1,6,1
1035,136,10,12,KATE,RIGHT,Binary,0,TRUE,FALSE,TRUE,6,4,6,6
1052,84,7,10,KATE,CORRECT,Binary,0,TRUE,TRUE,TRUE,2,5,4,6
314,296,4,7,KATE,TRUE,Binary,0,TRUE,TRUE,TRUE,1,3,4,3
817,157,10,12,KATE,RIGHT,Binary,1,FALSE,TRUE,FALSE,6,4,6,6
950,89,4,7,KATE,TRUE,Binary,1,TRUE,FALSE,TRUE,3,1,3,4
614,132,7,10,KATE,CORRECT,Binary,0,TRUE,TRUE,TRUE,1,6,5,5
567,102,10,12,KATE,RIGHT,Binary,0,TRUE,TRUE,TRUE,5,5,6,6
1061,61,4,7,KATE,TRUE,Binary,0,TRUE,TRUE,TRUE,3,1,6,1
779,123,7,10,KATE,CORRECT,Binary,0,TRUE,TRUE,TRUE,6,1,5,5
481,114,10,12,KATE,RIGHT,Binary,0,TRUE,TRUE,TRUE,5,5,6,6
184,82,7,10,KATE,CORRECT,Binary,0,TRUE,TRUE,TRUE,5,2,4,6
1108,545,4,7,KATE,TRUE,Binary,0,TRUE,TRUE,TRUE,3,1,3,4
934,45,10,12,KATE,RIGHT,Binary,0,TRUE,TRUE,FALSE,5,5,6,6
618,519,4,7,KATE,TRUE,Binary,1,TRUE,FALSE,TRUE,2,2,5,2
327,149,10,12,KATE,RIGHT,Binary,0,TRUE,TRUE,TRUE,5,5,6,6
1120,307,4,7,KATE,TRUE,Binary,0,TRUE,TRUE,TRUE,3,1,2,5
1211,126,7,10,KATE,CORRECT,Binary,1,TRUE,TRUE,FALSE,2,5,6,4
1018,137,4,7,KATE,TRUE,Binary,1,TRUE,TRUE,TRUE,2,2,5,2
209,132,7,10,KATE,CORRECT,Binary,0,TRUE,TRUE,TRUE,5,2,6,4
869,54,10,12,KATE,RIGHT,Binary,0,TRUE,TRUE,TRUE,4,6,6,6
1385,266,4,7,KATE,TRUE,Binary,0,TRUE,TRUE,TRUE,3,1,6,1
70,56,7,10,KATE,CORRECT,Binary,1,TRUE,TRUE,TRUE,3,4,6,4
172,84,10,12,KATE,RIGHT,Binary,0,TRUE,TRUE,TRUE,5,5,6,6
617,91,4,7,KATE,TRUE,Binary,0,TRUE,TRUE,TRUE,1,3,6,1
360,255,10,12,KATE,RIGHT,Binary,0,TRUE,TRUE,TRUE,4,6,6,6
839,162,4,7,KATE,TRUE,Binary,1,TRUE,TRUE,TRUE,2,2,6,1
374,147,4,7,KATE,TRUE,Binary,0,TRUE,TRUE,TRUE,3,1,6,1
1173,289,10,12,KATE,RIGHT,Binary,0,TRUE,TRUE,FALSE,5,5,6,6
449,104,10,12,KATE,RIGHT,Binary,0,TRUE,TRUE,TRUE,4,6,6,6
309,177,4,7,KATE,TRUE,Binary,0,TRUE,TRUE,TRUE,1,3,4,3
73,425,10,12,KATE,RIGHT,Binary,1,FALSE,TRUE,TRUE,5,5,6,6
726,173,4,7,KATE,TRUE,Binary,0,TRUE,TRUE,TRUE,1,3,3,4
148,150,7,10,KATE,CORRECT,Binary,0,TRUE,TRUE,TRUE,3,4,5,5
138,217,10,12,KATE,RIGHT,Binary,1,FALSE,TRUE,TRUE,6,4,6,6
407,194,7,10,KATE,CORRECT,Binary,0,FALSE,TRUE,TRUE,5,2,5,5
765,173,4,7,KATE,TRUE,Binary,0,TRUE,TRUE,TRUE,3,1,4,3
1409,108,10,12,KATE,RIGHT,Binary,0,FALSE,TRUE,TRUE,4,6,6,6
949,143,7,4,ANNA,TRUE,Binary,0,TRUE,TRUE,TRUE,3,4,2,2
794,76,7,10,KATE,CORRECT,Binary,1,FALSE,TRUE,TRUE,1,6,6,4
326,69,10,12,KATE,RIGHT,Binary,0,TRUE,TRUE,TRUE,4,6,6,6
1202,77,7,4,ANNA,TRUE,Binary,1,TRUE,TRUE,TRUE,3,4,3,1
7,165,7,10,KATE,CORRECT,Binary,1,TRUE,FALSE,TRUE,3,4,6,4
428,126,10,12,KATE,RIGHT,Binary,0,TRUE,TRUE,TRUE,5,5,6,6
752,174,7,4,ANNA,TRUE,Binary,0,TRUE,TRUE,TRUE,6,1,1,3
1216,170,7,10,KATE,CORRECT,Binary,0,TRUE,TRUE,TRUE,5,2,6,4
435,117,7,4,ANNA,TRUE,Binary,0,TRUE,TRUE,TRUE,2,5,2,2
82,132,10,12,KATE,RIGHT,Binary,0,TRUE,TRUE,TRUE,5,5,6,6
957,94,7,10,KATE,CORRECT,Binary,0,TRUE,TRUE,TRUE,1,6,6,4
86,133,7,10,KATE,CORRECT,Binary,0,TRUE,TRUE,FALSE,5,2,4,6
98,120,12,12,ANNA,RIGHT,Binary,1,TRUE,TRUE,TRUE,6,6,6,6
377,95,7,4,ANNA,TRUE,Binary,1,TRUE,FALSE,TRUE,3,4,1,3
1236,125,7,10,KATE,CORRECT,Binary,1,FALSE,TRUE,FALSE,2,5,4,6
1292,216,12,12,ANNA,RIGHT,Binary,1,TRUE,TRUE,TRUE,6,6,6,6
587,477,7,10,KATE,CORRECT,Binary,0,TRUE,TRUE,TRUE,2,5,5,5
667,311,7,4,ANNA,TRUE,Binary,1,TRUE,TRUE,TRUE,1,6,1,3
1067,162,12,12,ANNA,RIGHT,Binary,1,TRUE,TRUE,TRUE,6,6,6,6
1076,178,7,4,ANNA,TRUE,Binary,1,TRUE,TRUE,TRUE,4,3,1,3
452,95,7,10,KATE,CORRECT,Binary,0,TRUE,TRUE,TRUE,5,2,5,5
156,143,7,4,ANNA,TRUE,Binary,1,TRUE,TRUE,TRUE,6,1,3,1
935,100,12,12,ANNA,RIGHT,Binary,1,TRUE,TRUE,TRUE,6,6,6,6
274,119,7,10,KATE,CORRECT,Binary,0,TRUE,TRUE,TRUE,2,5,4,6
928,87,7,4,ANNA,TRUE,Binary,0,TRUE,FALSE,TRUE,6,1,2,2
1379,61,12,12,ANNA,RIGHT,Binary,1,TRUE,TRUE,TRUE,6,6,6,6
666,116,7,10,KATE,CORRECT,Binary,0,TRUE,TRUE,TRUE,1,6,6,4
1392,134,10,7,ANNA,CORRECT,Binary,1,TRUE,TRUE,TRUE,5,5,4,3
42,91,12,12,ANNA,RIGHT,Binary,1,TRUE,TRUE,TRUE,6,6,6,6
336,114,12,12,ANNA,RIGHT,Binary,1,TRUE,TRUE,TRUE,6,6,6,6
1399,87,10,7,ANNA,CORRECT,Binary,1,TRUE,TRUE,TRUE,6,4,5,2
974,761,12,12,ANNA,RIGHT,Binary,1,TRUE,TRUE,TRUE,6,6,6,6
1116,112,7,4,ANNA,TRUE,Binary,0,TRUE,TRUE,TRUE,4,3,3,1
1039,77,10,7,ANNA,CORRECT,Binary,1,TRUE,TRUE,TRUE,5,5,5,2
1020,160,12,12,ANNA,RIGHT,Binary,1,TRUE,TRUE,TRUE,6,6,6,6
1362,63,7,4,ANNA,TRUE,Binary,1,TRUE,TRUE,TRUE,1,6,1,3
973,79,10,7,ANNA,CORRECT,Binary,1,TRUE,TRUE,TRUE,6,4,3,4
942,63,12,12,ANNA,RIGHT,Binary,1,TRUE,TRUE,TRUE,6,6,6,6
1319,150,10,7,ANNA,CORRECT,Binary,0,FALSE,TRUE,TRUE,6,4,1,6
875,109,7,4,ANNA,TRUE,Binary,1,TRUE,TRUE,TRUE,3,4,1,3
1372,77,12,12,ANNA,RIGHT,Binary,1,TRUE,TRUE,TRUE,6,6,6,6
770,913,10,7,ANNA,CORRECT,Binary,1,TRUE,TRUE,TRUE,4,6,6,1
337,135,10,7,ANNA,CORRECT,Binary,1,TRUE,TRUE,TRUE,6,4,3,4
180,65,12,12,ANNA,RIGHT,Binary,1,TRUE,TRUE,TRUE,6,6,6,6
6,121,12,12,ANNA,RIGHT,Binary,1,TRUE,TRUE,TRUE,6,6,6,6
78,401,7,4,ANNA,TRUE,Binary,1,TRUE,FALSE,TRUE,2,5,1,3
941,117,10,7,ANNA,CORRECT,Binary,1,TRUE,TRUE,TRUE,4,6,6,1
25,153,7,4,ANNA,TRUE,Binary,1,TRUE,TRUE,TRUE,2,5,1,3
296,613,10,7,ANNA,CORRECT,Binary,1,TRUE,TRUE,TRUE,5,5,2,5
1050,646,12,12,ANNA,RIGHT,Binary,1,TRUE,TRUE,TRUE,6,6,6,6
648,123,10,7,ANNA,CORRECT,Binary,1,TRUE,FALSE,TRUE,4,6,2,5
820,42,7,4,ANNA,TRUE,Binary,1,TRUE,TRUE,TRUE,3,4,3,1
199,165,12,12,ANNA,RIGHT,Binary,0,TRUE,TRUE,TRUE,6,6,6,6
751,82,10,7,ANNA,CORRECT,Binary,1,TRUE,TRUE,TRUE,4,6,5,2
501,147,10,12,KATE,TRUSTWORTHY,Binary,1,TRUE,TRUE,TRUE,5,5,6,6
972,91,12,12,ANNA,RIGHT,Binary,1,TRUE,TRUE,TRUE,6,6,6,6
1026,73,7,4,ANNA,TRUE,Binary,1,TRUE,FALSE,TRUE,2,5,2,2
881,180,12,12,ANNA,RIGHT,Binary,1,TRUE,TRUE,TRUE,6,6,6,6
1273,99,7,4,ANNA,TRUE,Binary,1,FALSE,FALSE,FALSE,6,1,2,2
993,59,12,12,ANNA,RIGHT,Binary,1,TRUE,TRUE,TRUE,6,6,6,6
1223,196,7,4,ANNA,TRUE,Binary,1,TRUE,TRUE,TRUE,4,3,2,2
842,122,10,7,ANNA,CORRECT,Binary,1,FALSE,TRUE,TRUE,4,6,5,2
1390,111,12,12,ANNA,RIGHT,Binary,1,TRUE,TRUE,TRUE,6,6,6,6
290,381,7,4,ANNA,TRUE,Binary,1,TRUE,TRUE,TRUE,6,1,3,1
66,139,10,7,ANNA,CORRECT,Binary,1,TRUE,TRUE,TRUE,4,6,4,3
722,517,10,12,KATE,TRUSTWORTHY,Binary,0,TRUE,FALSE,TRUE,6,4,6,6
657,66,7,10,KATE,TRUE,Binary,1,TRUE,FALSE,TRUE,5,2,4,6
275,96,2,2,KATE,TRUSTWORTHY,Binary,0,TRUE,TRUE,TRUE,1,1,1,1
1428,210,10,12,KATE,TRUSTWORTHY,Binary,1,TRUE,TRUE,TRUE,6,4,6,6
926,128,10,12,KATE,TRUSTWORTHY,Binary,1,TRUE,FALSE,TRUE,5,5,6,6
44,199,2,2,KATE,TRUSTWORTHY,Binary,1,TRUE,FALSE,TRUE,1,1,1,1
989,156,10,7,ANNA,CORRECT,Binary,1,TRUE,TRUE,TRUE,4,6,4,3
1059,134,7,10,KATE,TRUE,Binary,0,TRUE,TRUE,TRUE,4,3,6,4
1358,377,2,2,KATE,TRUSTWORTHY,Binary,0,TRUE,TRUE,TRUE,1,1,1,1
723,1078,7,10,KATE,TRUE,Binary,1,TRUE,FALSE,TRUE,3,4,5,5
431,131,10,7,ANNA,CORRECT,Binary,1,TRUE,TRUE,TRUE,6,4,2,5
889,532,7,10,KATE,TRUE,Binary,0,TRUE,TRUE,TRUE,2,5,5,5
1401,357,10,12,KATE,TRUSTWORTHY,Binary,0,TRUE,TRUE,TRUE,5,5,6,6
1176,64,2,2,KATE,TRUSTWORTHY,Binary,0,TRUE,TRUE,TRUE,1,1,1,1
955,31,10,12,KATE,TRUSTWORTHY,Binary,0,TRUE,TRUE,TRUE,5,5,6,6
140,157,7,10,KATE,TRUE,Binary,0,TRUE,TRUE,TRUE,2,5,6,4
279,208,2,2,KATE,TRUSTWORTHY,Binary,0,TRUE,TRUE,TRUE,1,1,1,1
831,168,10,7,ANNA,CORRECT,Binary,0,TRUE,TRUE,TRUE,4,6,3,4
1130,164,10,12,KATE,TRUSTWORTHY,Binary,1,TRUE,TRUE,TRUE,6,4,6,6
1217,163,2,2,KATE,TRUSTWORTHY,Binary,0,TRUE,FALSE,TRUE,1,1,1,1
725,141,7,10,KATE,TRUE,Binary,0,TRUE,TRUE,TRUE,2,5,5,5
793,115,10,12,KATE,TRUSTWORTHY,Binary,1,TRUE,TRUE,TRUE,6,4,6,6
662,131,2,2,KATE,TRUSTWORTHY,Binary,0,TRUE,TRUE,TRUE,1,1,1,1
960,74,10,7,ANNA,CORRECT,Binary,1,TRUE,TRUE,TRUE,6,4,1,6
57,176,7,10,KATE,TRUE,Binary,0,TRUE,TRUE,TRUE,1,6,4,6
740,177,10,12,KATE,TRUSTWORTHY,Binary,1,FALSE,TRUE,TRUE,4,6,6,6
9,147,10,12,KATE,CORRECT,Binary,0,TRUE,TRUE,TRUE,4,6,6,6
683,87,2,2,KATE,TRUSTWORTHY,Binary,0,TRUE,TRUE,TRUE,1,1,1,1
964,219,7,10,KATE,TRUE,Binary,0,TRUE,TRUE,TRUE,2,5,5,5
462,75,10,12,KATE,TRUSTWORTHY,Binary,0,FALSE,TRUE,TRUE,6,4,6,6
240,762,7,10,KATE,TRUE,Binary,0,TRUE,TRUE,TRUE,6,1,4,6
1081,421,10,12,KATE,CORRECT,Binary,1,TRUE,TRUE,FALSE,6,4,6,6
852,115,10,12,KATE,TRUSTWORTHY,Binary,0,TRUE,TRUE,TRUE,6,4,6,6
703,54,2,2,KATE,TRUSTWORTHY,Binary,1,FALSE,FALSE,FALSE,1,1,1,1
48,67,10,12,KATE,TRUSTWORTHY,Binary,1,TRUE,TRUE,TRUE,4,6,6,6
1008,224,7,10,KATE,TRUE,Binary,1,TRUE,TRUE,TRUE,6,1,4,6
384,278,2,2,KATE,TRUSTWORTHY,Binary,0,TRUE,FALSE,TRUE,1,1,1,1
410,75,10,12,KATE,TRUSTWORTHY,Binary,1,TRUE,TRUE,TRUE,4,6,6,6
1088,188,7,10,KATE,TRUE,Binary,0,TRUE,TRUE,TRUE,4,3,4,6
1014,77,10,12,KATE,TRUSTWORTHY,Binary,1,FALSE,TRUE,TRUE,6,4,6,6
1267,148,10,12,KATE,CORRECT,Binary,0,TRUE,TRUE,TRUE,6,4,6,6
713,75,10,12,KATE,TRUSTWORTHY,Binary,0,TRUE,TRUE,TRUE,5,5,6,6
1133,208,7,10,KATE,TRUE,Binary,0,TRUE,TRUE,TRUE,3,4,5,5
317,75,10,12,KATE,CORRECT,Binary,0,TRUE,TRUE,TRUE,4,6,6,6
938,165,10,12,KATE,TRUSTWORTHY,Binary,1,TRUE,TRUE,TRUE,6,4,6,6
340,87,7,10,KATE,TRUE,Binary,0,TRUE,TRUE,TRUE,4,3,5,5
417,241,10,12,KATE,TRUSTWORTHY,Binary,0,TRUE,TRUE,FALSE,5,5,6,6
141,131,10,12,KATE,CORRECT,Binary,0,TRUE,TRUE,TRUE,4,6,6,6
908,203,7,10,KATE,TRUE,Binary,0,TRUE,TRUE,TRUE,6,1,4,6
1023,287,2,2,KATE,TRUSTWORTHY,Binary,1,TRUE,FALSE,TRUE,1,1,1,1
303,78,7,10,KATE,TRUE,Binary,0,TRUE,TRUE,TRUE,3,4,6,4
166,158,2,2,KATE,TRUSTWORTHY,Binary,0,TRUE,TRUE,TRUE,1,1,1,1
967,410,10,12,KATE,TRUSTWORTHY,Binary,0,TRUE,TRUE,FALSE,4,6,6,6
313,122,10,12,KATE,CORRECT,Binary,0,TRUE,TRUE,TRUE,6,4,6,6
599,135,7,10,KATE,TRUE,Binary,0,TRUE,TRUE,TRUE,5,2,4,6
876,730,10,12,KATE,CORRECT,Binary,1,TRUE,TRUE,FALSE,5,5,6,6
1075,120,7,10,KATE,TRUE,Binary,0,TRUE,TRUE,TRUE,2,5,6,4
920,137,2,2,KATE,TRUSTWORTHY,Binary,0,TRUE,FALSE,TRUE,1,1,1,1
909,328,12,12,ANNA,TRUSTWORTHY,Binary,0,TRUE,TRUE,TRUE,6,6,6,6
613,105,10,12,KATE,CORRECT,Binary,0,TRUE,TRUE,TRUE,5,5,6,6
1134,213,2,2,KATE,TRUSTWORTHY,Binary,1,TRUE,TRUE,TRUE,1,1,1,1
265,71,10,7,ANNA,TRUE,Binary,1,TRUE,TRUE,TRUE,4,6,1,6
177,97,12,12,ANNA,TRUSTWORTHY,Binary,1,TRUE,TRUE,TRUE,6,6,6,6
1094,76,10,12,KATE,CORRECT,Binary,0,TRUE,TRUE,TRUE,5,5,6,6
546,134,2,2,KATE,TRUSTWORTHY,Binary,0,TRUE,TRUE,TRUE,1,1,1,1
1222,152,10,12,KATE,CORRECT,Binary,1,FALSE,TRUE,TRUE,5,5,6,6
531,156,10,12,KATE,CORRECT,Binary,0,TRUE,TRUE,TRUE,5,5,6,6
970,169,12,12,ANNA,TRUSTWORTHY,Binary,1,TRUE,TRUE,TRUE,6,6,6,6
1146,221,10,12,KATE,CORRECT,Binary,0,TRUE,TRUE,TRUE,4,6,6,6
1174,69,12,12,ANNA,TRUSTWORTHY,Binary,1,TRUE,TRUE,TRUE,6,6,6,6
63,116,10,7,ANNA,TRUE,Binary,1,TRUE,TRUE,TRUE,6,4,6,1
1283,91,4,2,ANNA,TRUSTWORTHY,Binary,0,TRUE,TRUE,TRUE,1,3,1,1
1157,163,12,12,ANNA,TRUSTWORTHY,Binary,1,TRUE,TRUE,TRUE,6,6,6,6
632,138,10,7,ANNA,TRUE,Binary,1,TRUE,TRUE,TRUE,5,5,6,1
679,602,10,12,KATE,CORRECT,Binary,0,TRUE,TRUE,TRUE,6,4,6,6
1308,228,12,12,ANNA,TRUSTWORTHY,Binary,1,TRUE,FALSE,TRUE,6,6,6,6
986,149,10,7,ANNA,TRUE,Binary,1,TRUE,TRUE,TRUE,4,6,1,6
353,49,10,12,KATE,CORRECT,Binary,0,TRUE,TRUE,TRUE,4,6,6,6
1002,239,10,7,ANNA,TRUE,Binary,1,TRUE,TRUE,TRUE,4,6,3,4
860,149,4,2,ANNA,TRUSTWORTHY,Binary,0,TRUE,TRUE,TRUE,2,2,1,1
438,108,10,12,KATE,CORRECT,Binary,0,TRUE,TRUE,TRUE,6,4,6,6
895,82,12,12,ANNA,TRUSTWORTHY,Binary,1,TRUE,TRUE,FALSE,6,6,6,6
954,461,10,7,ANNA,TRUE,Binary,1,TRUE,TRUE,TRUE,4,6,1,6
542,32,12,12,ANNA,TRUSTWORTHY,Binary,1,TRUE,FALSE,TRUE,6,6,6,6
506,130,4,2,ANNA,TRUSTWORTHY,Binary,1,TRUE,FALSE,TRUE,1,3,1,1
612,133,10,12,KATE,CORRECT,Binary,1,FALSE,TRUE,TRUE,6,4,6,6
145,188,12,12,ANNA,TRUSTWORTHY,Binary,1,TRUE,TRUE,TRUE,6,6,6,6
819,1091,10,7,ANNA,TRUE,Binary,0,TRUE,TRUE,TRUE,6,4,4,3
71,429,4,2,ANNA,TRUSTWORTHY,Binary,1,TRUE,TRUE,TRUE,3,1,1,1
734,73,10,12,KATE,CORRECT,Binary,0,TRUE,TRUE,TRUE,4,6,6,6
362,123,12,12,ANNA,TRUSTWORTHY,Binary,1,TRUE,TRUE,TRUE,6,6,6,6
1360,238,10,12,KATE,CORRECT,Binary,1,TRUE,TRUE,TRUE,4,6,6,6
805,112,10,7,ANNA,TRUE,Binary,1,TRUE,TRUE,TRUE,6,4,6,1
400,152,12,12,ANNA,TRUSTWORTHY,Binary,1,TRUE,TRUE,TRUE,6,6,6,6
754,571,10,12,KATE,CORRECT,Binary,0,TRUE,TRUE,FALSE,6,4,6,6
806,650,4,2,ANNA,TRUSTWORTHY,Binary,0,TRUE,TRUE,TRUE,2,2,1,1
1351,86,12,12,ANNA,TRUSTWORTHY,Binary,1,TRUE,TRUE,TRUE,6,6,6,6
693,233,4,2,ANNA,TRUSTWORTHY,Binary,1,TRUE,TRUE,TRUE,3,1,1,1
1062,754,10,7,ANNA,TRUE,Binary,1,TRUE,TRUE,FALSE,5,5,6,1
1281,86,12,12,ANNA,CORRECT,Binary,1,TRUE,TRUE,FALSE,6,6,6,6
863,360,12,12,ANNA,TRUSTWORTHY,Binary,0,TRUE,TRUE,TRUE,6,6,6,6
512,324,10,7,ANNA,TRUE,Binary,1,FALSE,FALSE,TRUE,4,6,4,3
1260,126,4,2,ANNA,TRUSTWORTHY,Binary,0,TRUE,TRUE,TRUE,3,1,1,1
803,166,12,12,ANNA,TRUSTWORTHY,Binary,1,TRUE,TRUE,TRUE,6,6,6,6
737,190,10,7,ANNA,TRUE,Binary,0,TRUE,TRUE,TRUE,4,6,4,3
583,349,4,2,ANNA,TRUSTWORTHY,Binary,1,TRUE,TRUE,TRUE,3,1,1,1
857,200,12,12,ANNA,CORRECT,Binary,1,TRUE,TRUE,FALSE,6,6,6,6
388,80,12,12,ANNA,TRUSTWORTHY,Binary,1,TRUE,TRUE,TRUE,6,6,6,6
696,128,10,7,ANNA,TRUE,Binary,1,TRUE,FALSE,TRUE,5,5,2,5
1044,251,4,2,ANNA,TRUSTWORTHY,Binary,0,TRUE,TRUE,TRUE,2,2,1,1
1051,96,12,12,ANNA,TRUSTWORTHY,Binary,1,TRUE,TRUE,TRUE,6,6,6,6
146,93,4,2,ANNA,TRUSTWORTHY,Binary,0,TRUE,TRUE,TRUE,2,2,1,1
756,645,10,7,ANNA,TRUE,Binary,1,TRUE,TRUE,TRUE,4,6,3,4
173,58,12,12,ANNA,TRUSTWORTHY,Binary,1,TRUE,TRUE,TRUE,6,6,6,6
418,205,4,2,ANNA,TRUSTWORTHY,Binary,0,TRUE,TRUE,TRUE,1,3,1,1
823,178,12,12,ANNA,CORRECT,Binary,1,TRUE,TRUE,TRUE,6,6,6,6
1328,125,4,2,ANNA,TRUSTWORTHY,Binary,0,TRUE,TRUE,TRUE,1,3,1,1
150,72,12,12,ANNA,TRUSTWORTHY,Binary,1,TRUE,FALSE,TRUE,6,6,6,6
502,274,12,12,ANNA,CORRECT,Binary,1,TRUE,TRUE,TRUE,6,6,6,6
39,116,10,7,ANNA,TRUE,Binary,1,TRUE,TRUE,TRUE,5,5,2,5
1269,181,12,12,ANNA,TRUSTWORTHY,Binary,1,TRUE,TRUE,TRUE,6,6,6,6
357,374,12,12,ANNA,CORRECT,Binary,1,TRUE,TRUE,TRUE,6,6,6,6
673,161,4,2,ANNA,TRUSTWORTHY,Binary,1,TRUE,FALSE,TRUE,3,1,1,1
356,918,10,7,ANNA,TRUE,Binary,1,TRUE,TRUE,TRUE,6,4,2,5
798,149,12,12,ANNA,CORRECT,Binary,1,TRUE,TRUE,TRUE,6,6,6,6
1126,383,12,12,ANNA,TRUSTWORTHY,Binary,1,TRUE,TRUE,TRUE,6,6,6,6
1195,109,4,2,ANNA,TRUSTWORTHY,Binary,1,TRUE,FALSE,FALSE,2,2,1,1
115,86,12,12,ANNA,CORRECT,Binary,1,TRUE,TRUE,TRUE,6,6,6,6
80,30,10,7,ANNA,TRUE,Binary,0,FALSE,TRUE,FALSE,4,6,4,3
762,164,2,2,KATE,"NATURAL",Binary,0,TRUE,FALSE,TRUE,1,1,1,1
807,247,12,12,ANNA,CORRECT,Binary,1,TRUE,FALSE,TRUE,6,6,6,6
137,157,2,2,KATE,"NATURAL",Binary,1,TRUE,TRUE,FALSE,1,1,1,1
692,170,12,12,ANNA,CORRECT,Binary,1,TRUE,TRUE,TRUE,6,6,6,6
797,1020,2,2,KATE,"NATURAL",Binary,0,TRUE,TRUE,TRUE,1,1,1,1
1203,184,12,12,ANNA,CORRECT,Binary,1,TRUE,TRUE,TRUE,6,6,6,6
169,233,2,2,KATE,"NATURAL",Binary,0,TRUE,TRUE,TRUE,1,1,1,1
1431,172,10,12,KATE,TRUE,Binary,0,TRUE,TRUE,TRUE,5,5,6,6
471,407,2,2,KATE,"NATURAL",Binary,0,TRUE,TRUE,TRUE,1,1,1,1
1214,251,12,12,ANNA,CORRECT,Binary,1,TRUE,TRUE,TRUE,6,6,6,6
535,104,10,12,KATE,TRUE,Binary,0,TRUE,TRUE,TRUE,5,5,6,6
641,83,12,12,ANNA,CORRECT,Binary,1,TRUE,TRUE,TRUE,6,6,6,6
494,69,2,2,KATE,"NATURAL",Binary,0,FALSE,TRUE,TRUE,1,1,1,1
585,404,4,2,ANNA,TRUSTWORTHY,Binary,0,TRUE,TRUE,TRUE,1,3,1,1
1370,76,10,12,KATE,TRUE,Binary,0,TRUE,TRUE,TRUE,6,4,6,6
1432,117,10,12,KATE,TRUE,Binary,1,TRUE,TRUE,TRUE,5,5,6,6
1028,509,2,2,KATE,"NATURAL",Binary,0,TRUE,TRUE,TRUE,1,1,1,1
1215,108,12,12,ANNA,CORRECT,Binary,1,TRUE,TRUE,TRUE,6,6,6,6
845,103,4,2,ANNA,TRUSTWORTHY,Binary,0,TRUE,TRUE,TRUE,3,1,1,1
289,267,2,2,KATE,"NATURAL",Binary,1,TRUE,FALSE,TRUE,1,1,1,1
439,111,10,12,KATE,TRUE,Binary,0,TRUE,TRUE,TRUE,6,4,6,6
343,113,4,2,ANNA,TRUSTWORTHY,Binary,0,FALSE,TRUE,TRUE,3,1,1,1
720,358,2,2,KATE,"NATURAL",Binary,0,TRUE,TRUE,TRUE,1,1,1,1
539,105,12,12,ANNA,CORRECT,Binary,1,TRUE,TRUE,TRUE,6,6,6,6
454,90,10,12,KATE,TRUE,Binary,0,TRUE,TRUE,TRUE,6,4,6,6
1132,88,12,12,ANNA,CORRECT,Binary,1,TRUE,TRUE,TRUE,6,6,6,6
143,108,2,2,KATE,"NATURAL",Binary,0,TRUE,TRUE,FALSE,1,1,1,1
761,96,10,12,KATE,TRUE,Binary,0,TRUE,TRUE,TRUE,5,5,6,6
1160,63,12,12,ANNA,CORRECT,Binary,0,TRUE,TRUE,TRUE,6,6,6,6
1427,190,12,12,ANNA,CORRECT,Binary,1,TRUE,TRUE,TRUE,6,6,6,6
1148,292,10,12,KATE,TRUE,Binary,0,TRUE,TRUE,TRUE,5,5,6,6
416,150,2,2,KATE,"NATURAL",Binary,1,TRUE,TRUE,TRUE,1,1,1,1
825,152,4,2,ANNA,TRUSTWORTHY,Binary,0,TRUE,TRUE,FALSE,1,3,1,1
782,290,12,12,ANNA,CORRECT,Binary,1,TRUE,TRUE,TRUE,6,6,6,6
1123,107,2,2,KATE,"NATURAL",Binary,0,TRUE,TRUE,TRUE,1,1,1,1
1183,88,10,12,KATE,TRUE,Binary,1,FALSE,TRUE,FALSE,6,4,6,6
1397,701,12,12,ANNA,CORRECT,Binary,1,TRUE,TRUE,TRUE,6,6,6,6
880,1013,4,7,KATE,TRUSTWORTHY,Binary,0,TRUE,TRUE,TRUE,3,1,3,4
495,166,2,2,KATE,"NATURAL",Binary,0,TRUE,TRUE,TRUE,1,1,1,1
459,46,10,12,KATE,TRUE,Binary,1,FALSE,FALSE,FALSE,4,6,6,6
706,333,4,7,KATE,TRUSTWORTHY,Binary,0,TRUE,TRUE,TRUE,1,3,3,4
139,145,2,2,KATE,"NATURAL",Binary,0,TRUE,TRUE,TRUE,1,1,1,1
1220,129,2,2,KATE,RIGHT,Binary,0,TRUE,TRUE,TRUE,1,1,1,1
323,280,10,12,KATE,TRUE,Binary,0,TRUE,TRUE,FALSE,4,6,6,6
870,169,4,7,KATE,TRUSTWORTHY,Binary,0,TRUE,TRUE,TRUE,3,1,2,5
451,152,2,2,KATE,"NATURAL",Binary,0,TRUE,TRUE,TRUE,1,1,1,1
1198,92,4,7,KATE,TRUSTWORTHY,Binary,0,TRUE,TRUE,TRUE,3,1,6,1
361,127,10,12,KATE,TRUE,Binary,0,TRUE,TRUE,TRUE,6,4,6,6
1131,363,2,2,KATE,"NATURAL",Binary,0,TRUE,FALSE,TRUE,1,1,1,1
1354,462,4,7,KATE,TRUSTWORTHY,Binary,0,TRUE,TRUE,TRUE,2,2,5,2
237,332,2,2,KATE,RIGHT,Binary,0,TRUE,TRUE,TRUE,1,1,1,1
565,328,2,2,KATE,"NATURAL",Binary,0,TRUE,TRUE,TRUE,1,1,1,1
285,370,4,7,KATE,TRUSTWORTHY,Binary,0,TRUE,TRUE,TRUE,1,3,4,3
550,94,4,7,KATE,TRUSTWORTHY,Binary,1,TRUE,TRUE,TRUE,3,1,6,1
627,200,2,2,KATE,RIGHT,Binary,0,TRUE,TRUE,TRUE,1,1,1,1
1389,160,4,7,KATE,TRUSTWORTHY,Binary,1,TRUE,FALSE,TRUE,1,3,1,6
463,115,10,12,KATE,TRUE,Binary,0,TRUE,TRUE,TRUE,5,5,6,6
637,70,2,2,KATE,RIGHT,Binary,0,TRUE,TRUE,TRUE,1,1,1,1
682,551,2,2,KATE,"NATURAL",Binary,1,TRUE,TRUE,TRUE,1,1,1,1
810,155,10,12,KATE,TRUE,Binary,0,TRUE,TRUE,TRUE,6,4,6,6
1333,50,2,2,KATE,"NATURAL",Binary,1,TRUE,TRUE,FALSE,1,1,1,1
1262,56,4,7,KATE,TRUSTWORTHY,Binary,0,TRUE,TRUE,TRUE,2,2,2,5
1143,107,2,2,KATE,RIGHT,Binary,0,TRUE,TRUE,TRUE,1,1,1,1
424,136,4,7,KATE,TRUSTWORTHY,Binary,0,TRUE,TRUE,TRUE,3,1,4,3
1207,466,2,2,KATE,"NATURAL",Binary,0,TRUE,TRUE,TRUE,1,1,1,1
1316,128,2,2,KATE,RIGHT,Binary,0,TRUE,TRUE,TRUE,1,1,1,1
915,81,4,2,ANNA,"NATURAL",Binary,0,TRUE,TRUE,FALSE,2,2,1,1
504,193,10,12,KATE,TRUE,Binary,0,TRUE,TRUE,TRUE,6,4,6,6
1364,57,4,7,KATE,TRUSTWORTHY,Binary,0,TRUE,TRUE,TRUE,3,1,5,2
956,1069,2,2,KATE,RIGHT,Binary,0,TRUE,TRUE,TRUE,1,1,1,1
963,54,4,2,ANNA,"NATURAL",Binary,1,TRUE,TRUE,TRUE,1,3,1,1
406,176,4,7,KATE,TRUSTWORTHY,Binary,0,TRUE,TRUE,TRUE,3,1,2,5
442,267,10,12,KATE,TRUE,Binary,1,TRUE,FALSE,TRUE,5,5,6,6
1438,68,4,7,KATE,TRUSTWORTHY,Binary,0,TRUE,TRUE,FALSE,1,3,3,4
595,117,12,12,ANNA,TRUE,Binary,1,TRUE,TRUE,TRUE,6,6,6,6
352,640,2,2,KATE,RIGHT,Binary,0,TRUE,TRUE,TRUE,1,1,1,1
393,102,4,2,ANNA,"NATURAL",Binary,0,TRUE,TRUE,TRUE,3,1,1,1
446,382,12,12,ANNA,TRUE,Binary,1,TRUE,FALSE,TRUE,6,6,6,6
259,124,4,7,KATE,TRUSTWORTHY,Binary,0,TRUE,TRUE,TRUE,2,2,1,6
1264,124,4,2,ANNA,"NATURAL",Binary,1,TRUE,TRUE,TRUE,3,1,1,1
159,66,2,2,KATE,RIGHT,Binary,0,TRUE,TRUE,TRUE,1,1,1,1
1138,42,4,2,ANNA,"NATURAL",Binary,0,TRUE,TRUE,FALSE,3,1,1,1
826,111,12,12,ANNA,TRUE,Binary,1,TRUE,TRUE,TRUE,6,6,6,6
288,509,4,7,KATE,TRUSTWORTHY,Binary,0,TRUE,TRUE,TRUE,2,2,3,4
747,212,2,2,KATE,RIGHT,Binary,0,TRUE,TRUE,TRUE,1,1,1,1
124,67,4,7,KATE,TRUSTWORTHY,Binary,0,TRUE,TRUE,TRUE,3,1,5,2
929,247,4,2,ANNA,"NATURAL",Binary,0,TRUE,TRUE,TRUE,1,3,1,1
456,169,12,12,ANNA,TRUE,Binary,1,TRUE,TRUE,TRUE,6,6,6,6
945,109,12,12,ANNA,TRUE,Binary,0,TRUE,TRUE,TRUE,6,6,6,6
1340,147,4,7,KATE,TRUSTWORTHY,Binary,0,TRUE,TRUE,TRUE,2,2,1,6
1415,63,12,12,ANNA,TRUE,Binary,0,TRUE,TRUE,TRUE,6,6,6,6
161,146,4,7,KATE,TRUSTWORTHY,Binary,1,TRUE,FALSE,FALSE,2,2,5,2
961,179,12,12,ANNA,TRUE,Binary,1,TRUE,TRUE,TRUE,6,6,6,6
526,145,2,2,KATE,RIGHT,Binary,0,TRUE,TRUE,TRUE,1,1,1,1
197,140,4,7,KATE,TRUSTWORTHY,Binary,0,TRUE,TRUE,TRUE,3,1,6,1
1221,90,4,7,KATE,TRUSTWORTHY,Binary,0,TRUE,TRUE,TRUE,1,3,3,4
605,61,12,12,ANNA,TRUE,Binary,1,TRUE,TRUE,TRUE,6,6,6,6
1435,89,7,4,ANNA,TRUSTWORTHY,Binary,1,TRUE,TRUE,TRUE,6,1,1,3
912,55,12,12,ANNA,TRUE,Binary,1,TRUE,TRUE,TRUE,6,6,6,6
97,136,2,2,KATE,RIGHT,Binary,0,TRUE,TRUE,TRUE,1,1,1,1
695,116,7,4,ANNA,TRUSTWORTHY,Binary,1,TRUE,FALSE,FALSE,4,3,1,3
1395,95,2,2,KATE,RIGHT,Binary,0,TRUE,TRUE,TRUE,1,1,1,1
795,324,12,12,ANNA,TRUE,Binary,1,TRUE,TRUE,TRUE,6,6,6,6
1345,160,4,2,ANNA,"NATURAL",Binary,1,TRUE,TRUE,TRUE,1,3,1,1
386,235,12,12,ANNA,TRUE,Binary,1,TRUE,TRUE,TRUE,6,6,6,6
838,308,2,2,KATE,RIGHT,Binary,1,TRUE,TRUE,TRUE,1,1,1,1
1326,95,4,2,ANNA,"NATURAL",Binary,1,TRUE,TRUE,TRUE,2,2,1,1
655,115,7,4,ANNA,TRUSTWORTHY,Binary,1,TRUE,TRUE,TRUE,2,5,3,1
1019,220,4,2,ANNA,"NATURAL",Binary,1,TRUE,TRUE,TRUE,3,1,1,1
1137,649,12,12,ANNA,TRUE,Binary,1,TRUE,TRUE,TRUE,6,6,6,6
381,147,7,4,ANNA,TRUSTWORTHY,Binary,1,TRUE,TRUE,FALSE,4,3,1,3
905,125,2,2,KATE,RIGHT,Binary,1,TRUE,TRUE,FALSE,1,1,1,1
509,74,12,12,ANNA,TRUE,Binary,1,TRUE,TRUE,TRUE,6,6,6,6
1400,158,4,2,ANNA,"NATURAL",Binary,0,TRUE,TRUE,TRUE,2,2,1,1
178,182,7,4,ANNA,TRUSTWORTHY,Binary,0,TRUE,TRUE,TRUE,2,5,3,1
153,66,12,12,ANNA,TRUE,Binary,1,FALSE,TRUE,TRUE,6,6,6,6
315,572,4,2,ANNA,RIGHT,Binary,1,TRUE,TRUE,TRUE,1,3,1,1
574,107,12,12,ANNA,TRUE,Binary,1,TRUE,TRUE,TRUE,6,6,6,6
1107,132,7,4,ANNA,TRUSTWORTHY,Binary,0,TRUE,TRUE,TRUE,2,5,1,3
800,118,4,2,ANNA,"NATURAL",Binary,0,TRUE,TRUE,TRUE,2,2,1,1
1277,181,4,2,ANNA,RIGHT,Binary,1,TRUE,TRUE,TRUE,2,2,1,1
1373,96,12,12,ANNA,TRUE,Binary,0,TRUE,TRUE,TRUE,6,6,6,6
223,187,7,4,ANNA,TRUSTWORTHY,Binary,0,TRUE,TRUE,TRUE,3,4,1,3
1000,142,4,2,ANNA,"NATURAL",Binary,1,TRUE,TRUE,TRUE,1,3,1,1
1164,77,4,2,ANNA,RIGHT,Binary,0,TRUE,TRUE,TRUE,2,2,1,1
397,117,4,2,ANNA,"NATURAL",Binary,1,TRUE,TRUE,TRUE,1,3,1,1
477,118,4,2,ANNA,RIGHT,Binary,1,TRUE,TRUE,TRUE,1,3,1,1
1031,92,12,12,ANNA,TRUE,Binary,0,TRUE,FALSE,TRUE,6,6,6,6
35,79,7,4,ANNA,TRUSTWORTHY,Binary,1,TRUE,TRUE,TRUE,2,5,2,2
218,194,4,2,ANNA,"NATURAL",Binary,0,TRUE,TRUE,TRUE,1,3,1,1
485,164,4,2,ANNA,RIGHT,Binary,0,TRUE,TRUE,FALSE,2,2,1,1
369,132,7,4,ANNA,TRUSTWORTHY,Binary,0,TRUE,TRUE,TRUE,4,3,2,2
1074,94,12,12,ANNA,TRUE,Binary,1,TRUE,TRUE,TRUE,6,6,6,6
1239,75,4,2,ANNA,RIGHT,Binary,1,TRUE,TRUE,TRUE,2,2,1,1
1241,216,12,12,ANNA,TRUE,Binary,1,TRUE,TRUE,TRUE,6,6,6,6
1293,180,7,4,ANNA,TRUSTWORTHY,Binary,0,TRUE,TRUE,TRUE,4,3,3,1
316,232,4,2,ANNA,"NATURAL",Binary,0,TRUE,TRUE,TRUE,2,2,1,1
110,571,4,2,ANNA,RIGHT,Binary,1,TRUE,TRUE,TRUE,3,1,1,1
978,76,7,4,ANNA,TRUSTWORTHY,Binary,0,FALSE,TRUE,TRUE,2,5,3,1
699,337,4,2,ANNA,"NATURAL",Binary,1,TRUE,TRUE,TRUE,1,3,1,1
633,114,12,12,ANNA,TRUE,Binary,1,TRUE,TRUE,TRUE,6,6,6,6
242,440,4,2,ANNA,"NATURAL",Binary,0,TRUE,TRUE,TRUE,2,2,1,1
93,66,2,2,KATE,CORRECT,Binary,0,TRUE,TRUE,TRUE,1,1,1,1
918,129,7,4,ANNA,TRUSTWORTHY,Binary,0,TRUE,FALSE,TRUE,5,2,1,3
1229,64,4,2,ANNA,"NATURAL",Binary,1,FALSE,TRUE,TRUE,2,2,1,1
1245,95,4,2,ANNA,RIGHT,Binary,0,TRUE,TRUE,TRUE,1,3,1,1
448,72,2,2,KATE,CORRECT,Binary,0,TRUE,TRUE,TRUE,1,1,1,1
457,98,4,2,ANNA,"NATURAL",Binary,0,TRUE,TRUE,TRUE,2,2,1,1
900,217,7,4,ANNA,TRUSTWORTHY,Binary,1,TRUE,TRUE,TRUE,1,6,1,3
694,100,2,2,KATE,CORRECT,Binary,0,TRUE,TRUE,TRUE,1,1,1,1
1388,235,4,2,ANNA,RIGHT,Binary,0,TRUE,FALSE,TRUE,2,2,1,1
596,103,4,2,ANNA,"NATURAL",Binary,0,TRUE,TRUE,TRUE,1,3,1,1
1290,64,7,4,ANNA,TRUSTWORTHY,Binary,0,TRUE,TRUE,FALSE,4,3,1,3
37,89,4,2,ANNA,RIGHT,Binary,1,TRUE,TRUE,TRUE,2,2,1,1
271,143,4,7,KATE,"NATURAL",Binary,0,TRUE,TRUE,TRUE,3,1,6,1
684,80,7,4,ANNA,TRUSTWORTHY,Binary,1,TRUE,TRUE,TRUE,2,5,3,1
624,84,4,2,ANNA,RIGHT,Binary,1,TRUE,TRUE,TRUE,1,3,1,1
280,517,2,2,KATE,CORRECT,Binary,0,TRUE,TRUE,TRUE,1,1,1,1
482,75,7,4,ANNA,TRUSTWORTHY,Binary,0,TRUE,TRUE,TRUE,1,6,1,3
120,122,4,7,KATE,"NATURAL",Binary,0,TRUE,TRUE,TRUE,3,1,5,2
1226,138,2,2,KATE,CORRECT,Binary,0,TRUE,TRUE,TRUE,1,1,1,1
247,138,4,7,KATE,"NATURAL",Binary,1,TRUE,TRUE,TRUE,1,3,5,2
335,241,7,4,ANNA,TRUSTWORTHY,Binary,0,TRUE,TRUE,TRUE,4,3,2,2
54,506,2,2,KATE,CORRECT,Binary,1,TRUE,FALSE,TRUE,1,1,1,1
763,156,4,2,ANNA,RIGHT,Binary,1,TRUE,TRUE,TRUE,2,2,1,1
122,104,2,2,KATE,CORRECT,Binary,1,TRUE,FALSE,TRUE,1,1,1,1
1077,150,7,4,ANNA,TRUSTWORTHY,Binary,1,TRUE,TRUE,TRUE,1,6,3,1
378,81,4,7,KATE,"NATURAL",Binary,0,TRUE,TRUE,TRUE,1,3,4,3
1242,222,4,2,ANNA,RIGHT,Binary,1,TRUE,TRUE,TRUE,1,3,1,1
952,896,4,7,KATE,"NATURAL",Binary,1,TRUE,TRUE,TRUE,2,2,1,6
322,264,4,2,ANNA,RIGHT,Binary,1,TRUE,TRUE,TRUE,2,2,1,1
705,114,7,4,ANNA,TRUSTWORTHY,Binary,0,TRUE,TRUE,TRUE,3,4,1,3
1057,174,2,2,KATE,CORRECT,Binary,1,TRUE,FALSE,TRUE,1,1,1,1
688,123,2,2,KATE,CORRECT,Binary,0,TRUE,TRUE,TRUE,1,1,1,1
432,71,7,4,ANNA,TRUSTWORTHY,Binary,0,TRUE,TRUE,FALSE,1,6,3,1
836,70,4,7,KATE,"NATURAL",Binary,0,TRUE,TRUE,FALSE,2,2,2,5
382,144,4,2,ANNA,RIGHT,Binary,1,TRUE,TRUE,TRUE,3,1,1,1
877,434,2,2,KATE,CORRECT,Binary,0,TRUE,TRUE,TRUE,1,1,1,1
468,284,7,10,KATE,TRUSTWORTHY,Binary,0,TRUE,TRUE,TRUE,4,3,5,5
702,219,4,7,KATE,"NATURAL",Binary,0,TRUE,TRUE,TRUE,3,1,5,2
1298,101,2,2,KATE,CORRECT,Binary,0,TRUE,TRUE,TRUE,1,1,1,1
998,154,4,2,ANNA,RIGHT,Binary,1,TRUE,TRUE,TRUE,3,1,1,1
983,217,4,7,KATE,"NATURAL",Binary,0,TRUE,TRUE,TRUE,2,2,6,1
910,128,4,7,KATE,"NATURAL",Binary,0,TRUE,TRUE,TRUE,3,1,6,1
656,248,2,2,KATE,CORRECT,Binary,0,TRUE,TRUE,TRUE,1,1,1,1
17,115,4,7,KATE,"NATURAL",Binary,0,TRUE,FALSE,TRUE,1,3,4,3
1045,623,4,7,KATE,RIGHT,Binary,0,TRUE,TRUE,TRUE,2,2,2,5
1234,198,4,7,KATE,"NATURAL",Binary,1,TRUE,FALSE,TRUE,1,3,4,3
534,221,2,2,KATE,CORRECT,Binary,0,TRUE,TRUE,TRUE,1,1,1,1
844,462,4,7,KATE,RIGHT,Binary,0,TRUE,TRUE,TRUE,1,3,3,4
503,132,4,7,KATE,RIGHT,Binary,0,TRUE,TRUE,TRUE,2,2,6,1
379,108,4,7,KATE,"NATURAL",Binary,0,FALSE,TRUE,TRUE,1,3,2,5
287,517,2,2,KATE,CORRECT,Binary,0,TRUE,TRUE,TRUE,1,1,1,1
318,101,4,7,KATE,"NATURAL",Binary,1,TRUE,FALSE,TRUE,3,1,5,2
364,198,7,10,KATE,TRUSTWORTHY,Binary,1,TRUE,TRUE,TRUE,3,4,6,4
1426,288,4,7,KATE,RIGHT,Binary,0,TRUE,TRUE,FALSE,3,1,4,3
168,111,2,2,KATE,CORRECT,Binary,0,TRUE,TRUE,TRUE,1,1,1,1
91,173,7,10,KATE,TRUSTWORTHY,Binary,0,TRUE,TRUE,TRUE,5,2,6,4
284,135,4,7,KATE,"NATURAL",Binary,0,TRUE,TRUE,TRUE,2,2,2,5
208,244,2,2,KATE,CORRECT,Binary,0,TRUE,TRUE,TRUE,1,1,1,1
995,289,2,2,KATE,JUSTIFIED,Binary,0,TRUE,TRUE,TRUE,1,1,1,1
1266,182,7,10,KATE,TRUSTWORTHY,Binary,0,TRUE,TRUE,TRUE,3,4,6,4
367,374,2,2,KATE,CORRECT,Binary,0,TRUE,TRUE,TRUE,1,1,1,1
79,79,4,7,KATE,RIGHT,Binary,0,TRUE,TRUE,TRUE,3,1,2,5
8,195,4,7,KATE,"NATURAL",Binary,0,TRUE,TRUE,TRUE,2,2,6,1
40,488,2,2,KATE,CORRECT,Binary,1,FALSE,TRUE,TRUE,1,1,1,1
1159,172,7,10,KATE,TRUSTWORTHY,Binary,1,TRUE,TRUE,TRUE,1,6,5,5
5,117,4,7,KATE,"NATURAL",Binary,0,TRUE,TRUE,TRUE,3,1,6,1
732,188,2,2,KATE,CORRECT,Binary,1,FALSE,TRUE,TRUE,1,1,1,1
389,188,4,7,KATE,RIGHT,Binary,0,TRUE,TRUE,TRUE,3,1,6,1
1244,172,4,7,KATE,RIGHT,Binary,0,TRUE,TRUE,TRUE,2,2,6,1
1305,319,7,10,KATE,TRUSTWORTHY,Binary,0,TRUE,TRUE,TRUE,5,2,4,6
1233,82,2,2,KATE,JUSTIFIED,Binary,1,TRUE,TRUE,TRUE,1,1,1,1
868,105,4,7,KATE,"NATURAL",Binary,1,TRUE,TRUE,TRUE,1,3,5,2
743,105,4,2,ANNA,CORRECT,Binary,1,TRUE,TRUE,TRUE,1,3,1,1
555,196,7,10,KATE,TRUSTWORTHY,Binary,0,TRUE,TRUE,TRUE,5,2,4,6
976,128,4,7,KATE,"NATURAL",Binary,0,TRUE,TRUE,TRUE,3,1,6,1
276,126,4,2,ANNA,CORRECT,Binary,0,FALSE,TRUE,TRUE,3,1,1,1
540,213,4,7,KATE,RIGHT,Binary,0,TRUE,TRUE,TRUE,2,2,2,5
588,188,2,2,KATE,JUSTIFIED,Binary,0,TRUE,TRUE,TRUE,1,1,1,1
674,58,4,7,KATE,"NATURAL",Binary,1,FALSE,TRUE,FALSE,2,2,3,4
203,769,4,2,ANNA,CORRECT,Binary,1,TRUE,TRUE,TRUE,2,2,1,1
911,309,2,2,KATE,JUSTIFIED,Binary,0,TRUE,TRUE,TRUE,1,1,1,1
283,93,4,7,KATE,RIGHT,Binary,0,TRUE,TRUE,TRUE,1,3,6,1
281,125,7,4,ANNA,"NATURAL",Binary,0,TRUE,TRUE,TRUE,4,3,1,3
222,179,4,2,ANNA,CORRECT,Binary,1,TRUE,TRUE,TRUE,1,3,1,1
216,146,2,2,KATE,JUSTIFIED,Binary,0,TRUE,TRUE,TRUE,1,1,1,1
1200,90,4,7,KATE,RIGHT,Binary,0,TRUE,TRUE,TRUE,3,1,2,5
847,216,7,10,KATE,TRUSTWORTHY,Binary,0,TRUE,TRUE,TRUE,2,5,5,5
1369,85,4,2,ANNA,CORRECT,Binary,1,TRUE,TRUE,FALSE,3,1,1,1
1053,1002,2,2,KATE,JUSTIFIED,Binary,1,TRUE,TRUE,TRUE,1,1,1,1
735,166,4,2,ANNA,CORRECT,Binary,1,TRUE,TRUE,TRUE,3,1,1,1
1303,871,7,10,KATE,TRUSTWORTHY,Binary,0,TRUE,TRUE,TRUE,6,1,5,5
1189,380,7,4,ANNA,"NATURAL",Binary,1,TRUE,TRUE,TRUE,2,5,3,1
855,101,4,7,KATE,RIGHT,Binary,1,TRUE,FALSE,TRUE,1,3,6,1
170,104,7,4,ANNA,"NATURAL",Binary,1,TRUE,TRUE,TRUE,6,1,3,1
1171,213,7,10,KATE,TRUSTWORTHY,Binary,0,TRUE,TRUE,TRUE,2,5,6,4
543,140,4,2,ANNA,CORRECT,Binary,0,TRUE,TRUE,TRUE,3,1,1,1
228,79,4,7,KATE,RIGHT,Binary,0,TRUE,TRUE,TRUE,2,2,1,6
1407,143,2,2,KATE,JUSTIFIED,Binary,0,TRUE,FALSE,TRUE,1,1,1,1
174,242,7,4,ANNA,"NATURAL",Binary,1,TRUE,TRUE,TRUE,4,3,3,1
518,115,7,10,KATE,TRUSTWORTHY,Binary,0,TRUE,TRUE,TRUE,3,4,6,4
619,181,4,7,KATE,RIGHT,Binary,0,TRUE,TRUE,TRUE,1,3,2,5
1010,91,4,2,ANNA,CORRECT,Binary,1,TRUE,TRUE,TRUE,3,1,1,1
888,228,2,2,KATE,JUSTIFIED,Binary,0,TRUE,TRUE,TRUE,1,1,1,1
264,185,7,10,KATE,TRUSTWORTHY,Binary,1,FALSE,TRUE,TRUE,6,1,4,6
1416,326,4,2,ANNA,CORRECT,Binary,1,TRUE,TRUE,TRUE,3,1,1,1
563,95,7,10,KATE,TRUSTWORTHY,Binary,0,TRUE,TRUE,TRUE,5,2,4,6
1117,68,4,7,KATE,RIGHT,Binary,0,TRUE,TRUE,FALSE,1,3,6,1
1375,515,7,4,ANNA,"NATURAL",Binary,1,TRUE,TRUE,TRUE,5,2,2,2
1323,69,4,2,ANNA,CORRECT,Binary,1,TRUE,TRUE,TRUE,1,3,1,1
479,290,7,10,KATE,TRUSTWORTHY,Binary,0,TRUE,TRUE,TRUE,1,6,4,6
225,73,7,4,ANNA,"NATURAL",Binary,1,TRUE,TRUE,TRUE,1,6,3,1
1274,122,4,7,KATE,RIGHT,Binary,0,TRUE,TRUE,TRUE,1,3,3,4
267,85,4,2,ANNA,CORRECT,Binary,1,TRUE,TRUE,TRUE,2,2,1,1
707,332,2,2,KATE,JUSTIFIED,Binary,0,TRUE,TRUE,TRUE,1,1,1,1
874,88,4,2,ANNA,CORRECT,Binary,1,TRUE,TRUE,TRUE,2,2,1,1
891,133,7,4,ANNA,"NATURAL",Binary,1,TRUE,TRUE,TRUE,6,1,3,1
997,98,2,2,KATE,JUSTIFIED,Binary,0,TRUE,TRUE,TRUE,1,1,1,1
758,175,7,10,KATE,TRUSTWORTHY,Binary,0,TRUE,TRUE,TRUE,4,3,4,6
277,165,4,7,KATE,RIGHT,Binary,0,TRUE,TRUE,TRUE,1,3,6,1
1141,189,7,4,ANNA,"NATURAL",Binary,1,TRUE,TRUE,TRUE,5,2,1,3
447,104,4,2,ANNA,CORRECT,Binary,1,TRUE,TRUE,TRUE,1,3,1,1
923,454,2,2,KATE,JUSTIFIED,Binary,0,TRUE,TRUE,TRUE,1,1,1,1
4,111,4,7,KATE,RIGHT,Binary,0,FALSE,TRUE,TRUE,1,3,6,1
227,388,7,4,ANNA,"NATURAL",Binary,1,TRUE,TRUE,TRUE,3,4,2,2
1366,806,7,10,KATE,TRUSTWORTHY,Binary,0,TRUE,FALSE,TRUE,6,1,5,5
1118,79,4,2,ANNA,CORRECT,Binary,1,TRUE,TRUE,TRUE,1,3,1,1
1421,967,4,7,KATE,RIGHT,Binary,0,TRUE,TRUE,TRUE,1,3,1,6
597,147,2,2,KATE,JUSTIFIED,Binary,0,TRUE,TRUE,TRUE,1,1,1,1
1047,126,4,2,ANNA,CORRECT,Binary,1,TRUE,TRUE,TRUE,1,3,1,1
560,72,7,4,ANNA,"NATURAL",Binary,1,TRUE,TRUE,TRUE,3,4,1,3
490,97,4,7,KATE,RIGHT,Binary,0,TRUE,TRUE,TRUE,3,1,6,1
74,72,7,10,KATE,TRUSTWORTHY,Binary,1,TRUE,TRUE,TRUE,4,3,4,6
1043,468,7,4,ANNA,RIGHT,Binary,1,TRUE,TRUE,TRUE,2,5,1,3
796,359,7,4,ANNA,"NATURAL",Binary,1,TRUE,TRUE,TRUE,4,3,1,3
273,57,2,2,KATE,JUSTIFIED,Binary,1,TRUE,FALSE,TRUE,1,1,1,1
1099,130,7,4,ANNA,"NATURAL",Binary,1,TRUE,TRUE,TRUE,6,1,1,3
1063,113,10,7,ANNA,TRUSTWORTHY,Binary,1,FALSE,TRUE,TRUE,5,5,1,6
778,485,4,2,ANNA,CORRECT,Binary,1,TRUE,FALSE,TRUE,3,1,1,1
669,100,7,4,ANNA,RIGHT,Binary,1,TRUE,TRUE,TRUE,5,2,1,3
411,1133,7,4,ANNA,"NATURAL",Binary,0,TRUE,FALSE,TRUE,2,5,3,1
18,304,2,2,KATE,JUSTIFIED,Binary,0,TRUE,TRUE,TRUE,1,1,1,1
1376,122,7,4,ANNA,RIGHT,Binary,1,TRUE,TRUE,TRUE,3,4,2,2
1177,40,4,2,ANNA,CORRECT,Binary,1,TRUE,TRUE,FALSE,2,2,1,1
865,67,10,7,ANNA,TRUSTWORTHY,Binary,0,TRUE,TRUE,TRUE,6,4,6,1
1300,164,7,4,ANNA,"NATURAL",Binary,1,TRUE,TRUE,TRUE,6,1,1,3
1192,279,2,2,KATE,JUSTIFIED,Binary,0,TRUE,TRUE,TRUE,1,1,1,1
398,574,7,4,ANNA,"NATURAL",Binary,1,TRUE,TRUE,TRUE,6,1,2,2
1054,905,2,2,KATE,JUSTIFIED,Binary,0,TRUE,TRUE,TRUE,1,1,1,1
1261,1172,10,7,ANNA,TRUSTWORTHY,Binary,1,TRUE,TRUE,TRUE,5,5,2,5
373,143,4,2,ANNA,CORRECT,Binary,0,TRUE,TRUE,TRUE,3,1,1,1
1312,298,2,2,KATE,JUSTIFIED,Binary,1,TRUE,FALSE,TRUE,1,1,1,1
1112,108,7,4,ANNA,"NATURAL",Binary,1,TRUE,TRUE,FALSE,6,1,2,2
885,120,10,7,ANNA,TRUSTWORTHY,Binary,0,TRUE,TRUE,TRUE,5,5,1,6
907,130,7,4,ANNA,RIGHT,Binary,1,TRUE,TRUE,TRUE,2,5,3,1
551,196,4,2,ANNA,CORRECT,Binary,1,TRUE,TRUE,TRUE,2,2,1,1
802,109,7,4,ANNA,"NATURAL",Binary,0,TRUE,TRUE,TRUE,3,4,1,3
1147,81,10,7,ANNA,TRUSTWORTHY,Binary,0,TRUE,TRUE,TRUE,6,4,5,2
47,256,10,7,ANNA,TRUSTWORTHY,Binary,1,TRUE,FALSE,TRUE,5,5,1,6
767,665,7,4,ANNA,RIGHT,Binary,1,TRUE,TRUE,TRUE,3,4,2,2
157,101,10,7,ANNA,TRUSTWORTHY,Binary,1,TRUE,TRUE,FALSE,5,5,5,2
409,114,4,2,ANNA,JUSTIFIED,Binary,1,TRUE,TRUE,TRUE,3,1,1,1
214,397,7,4,ANNA,RIGHT,Binary,1,TRUE,TRUE,TRUE,6,1,2,2
13,130,4,2,ANNA,JUSTIFIED,Binary,0,TRUE,FALSE,TRUE,3,1,1,1
1383,119,10,7,ANNA,TRUSTWORTHY,Binary,1,TRUE,TRUE,TRUE,6,4,4,3
1151,436,7,4,ANNA,RIGHT,Binary,1,TRUE,TRUE,FALSE,4,3,2,2
101,358,4,2,ANNA,JUSTIFIED,Binary,0,TRUE,TRUE,TRUE,2,2,1,1
1103,352,10,7,ANNA,TRUSTWORTHY,Binary,1,TRUE,FALSE,FALSE,6,4,3,4
254,241,7,4,ANNA,RIGHT,Binary,1,TRUE,TRUE,TRUE,5,2,3,1
507,155,4,2,ANNA,JUSTIFIED,Binary,0,TRUE,TRUE,TRUE,3,1,1,1
552,258,7,4,ANNA,"NATURAL",Binary,0,TRUE,TRUE,TRUE,5,2,3,1
1430,103,10,7,ANNA,TRUSTWORTHY,Binary,0,TRUE,TRUE,TRUE,6,4,6,1
676,197,7,4,ANNA,RIGHT,Binary,1,TRUE,TRUE,TRUE,6,1,1,3
149,84,4,2,ANNA,JUSTIFIED,Binary,1,TRUE,TRUE,TRUE,2,2,1,1
1091,56,7,4,ANNA,"NATURAL",Binary,0,TRUE,TRUE,TRUE,5,2,1,3
27,144,7,4,ANNA,RIGHT,Binary,1,TRUE,TRUE,TRUE,6,1,1,3
1046,403,10,7,ANNA,TRUSTWORTHY,Binary,0,TRUE,TRUE,TRUE,4,6,4,3
537,51,7,4,ANNA,"NATURAL",Binary,1,TRUE,TRUE,TRUE,2,5,1,3
528,103,10,7,ANNA,TRUSTWORTHY,Binary,0,TRUE,TRUE,TRUE,5,5,1,6
916,181,7,4,ANNA,RIGHT,Binary,1,TRUE,TRUE,TRUE,4,3,1,3
1306,134,10,7,ANNA,TRUSTWORTHY,Binary,1,TRUE,TRUE,TRUE,5,5,3,4
541,150,7,4,ANNA,RIGHT,Binary,1,TRUE,TRUE,TRUE,1,6,3,1
580,769,4,2,ANNA,JUSTIFIED,Binary,1,TRUE,TRUE,TRUE,2,2,1,1
1275,71,10,7,ANNA,TRUSTWORTHY,Binary,0,TRUE,TRUE,TRUE,4,6,6,1
380,141,7,10,KATE,"NATURAL",Binary,0,TRUE,TRUE,FALSE,5,2,5,5
602,95,7,4,ANNA,RIGHT,Binary,0,TRUE,TRUE,TRUE,1,6,3,1
1249,629,4,2,ANNA,JUSTIFIED,Binary,0,TRUE,FALSE,TRUE,3,1,1,1
371,424,10,7,ANNA,TRUSTWORTHY,Binary,1,TRUE,TRUE,TRUE,6,4,3,4
753,110,7,10,KATE,"NATURAL",Binary,0,TRUE,TRUE,TRUE,1,6,5,5
1142,215,10,7,ANNA,TRUSTWORTHY,Binary,0,TRUE,TRUE,TRUE,6,4,3,4
164,106,7,4,ANNA,RIGHT,Binary,1,TRUE,TRUE,TRUE,1,6,3,1
1243,171,7,10,KATE,"NATURAL",Binary,1,TRUE,TRUE,TRUE,5,2,4,6
1286,93,10,7,ANNA,TRUSTWORTHY,Binary,0,TRUE,TRUE,TRUE,6,4,5,2
611,126,4,2,ANNA,JUSTIFIED,Binary,0,TRUE,TRUE,TRUE,2,2,1,1
697,185,7,10,KATE,"NATURAL",Binary,0,TRUE,TRUE,TRUE,3,4,5,5
1021,55,7,4,ANNA,RIGHT,Binary,1,TRUE,TRUE,TRUE,1,6,3,1
19,187,10,7,ANNA,TRUSTWORTHY,Binary,1,TRUE,TRUE,TRUE,6,4,2,5
368,568,4,2,ANNA,JUSTIFIED,Binary,0,TRUE,TRUE,TRUE,1,3,1,1
791,473,7,10,KATE,"NATURAL",Binary,0,TRUE,TRUE,TRUE,4,3,6,4
194,80,7,4,ANNA,RIGHT,Binary,1,TRUE,TRUE,TRUE,4,3,3,1
359,113,10,7,ANNA,TRUSTWORTHY,Binary,1,TRUE,TRUE,TRUE,6,4,6,1
1356,80,4,2,ANNA,JUSTIFIED,Binary,0,TRUE,TRUE,TRUE,2,2,1,1
200,86,7,10,KATE,"NATURAL",Binary,1,TRUE,TRUE,TRUE,2,5,6,4
52,103,7,4,ANNA,RIGHT,Binary,1,TRUE,TRUE,TRUE,3,4,2,2
77,92,7,10,KATE,"NATURAL",Binary,0,TRUE,TRUE,TRUE,6,1,4,6
444,179,4,2,ANNA,JUSTIFIED,Binary,0,TRUE,TRUE,TRUE,1,3,1,1
750,110,7,4,ANNA,RIGHT,Binary,1,TRUE,TRUE,TRUE,4,3,2,2
829,164,7,10,KATE,"NATURAL",Binary,0,TRUE,TRUE,TRUE,2,5,4,6
1331,1064,7,4,ANNA,RIGHT,Binary,1,FALSE,TRUE,FALSE,1,6,1,3
853,134,7,10,KATE,"NATURAL",Binary,1,TRUE,FALSE,TRUE,2,5,4,6
768,249,4,2,ANNA,JUSTIFIED,Binary,0,TRUE,TRUE,TRUE,1,3,1,1
1041,116,7,10,KATE,"NATURAL",Binary,0,TRUE,TRUE,TRUE,1,6,6,4
1386,56,4,2,ANNA,JUSTIFIED,Binary,1,TRUE,FALSE,FALSE,2,2,1,1
620,169,7,10,KATE,"NATURAL",Binary,1,TRUE,FALSE,TRUE,6,1,4,6
1350,87,4,7,KATE,JUSTIFIED,Binary,0,TRUE,TRUE,FALSE,3,1,6,1
1287,186,4,7,KATE,JUSTIFIED,Binary,0,TRUE,TRUE,TRUE,2,2,2,5
859,1008,7,10,KATE,"NATURAL",Binary,0,TRUE,TRUE,TRUE,6,1,4,6
943,1056,4,7,KATE,JUSTIFIED,Binary,0,TRUE,TRUE,TRUE,1,3,4,3
205,109,7,10,KATE,"NATURAL",Binary,0,TRUE,TRUE,TRUE,3,4,6,4
187,195,7,10,KATE,"NATURAL",Binary,1,TRUE,TRUE,TRUE,3,4,5,5
1295,177,4,7,KATE,JUSTIFIED,Binary,0,TRUE,TRUE,TRUE,1,3,1,6
1179,273,7,10,KATE,"NATURAL",Binary,0,TRUE,TRUE,TRUE,1,6,4,6
1073,87,7,10,KATE,"NATURAL",Binary,0,TRUE,TRUE,TRUE,5,2,6,4
1007,120,4,7,KATE,JUSTIFIED,Binary,0,TRUE,TRUE,TRUE,3,1,5,2
262,316,7,10,KATE,"NATURAL",Binary,0,TRUE,TRUE,TRUE,1,6,5,5
1097,104,4,7,KATE,JUSTIFIED,Binary,0,TRUE,TRUE,TRUE,3,1,2,5
939,57,7,10,KATE,"NATURAL",Binary,0,TRUE,TRUE,TRUE,3,4,5,5
788,186,4,7,KATE,JUSTIFIED,Binary,0,TRUE,TRUE,TRUE,3,1,1,6
672,178,10,7,ANNA,"NATURAL",Binary,1,TRUE,TRUE,TRUE,4,6,5,2
814,95,10,7,ANNA,"NATURAL",Binary,1,TRUE,TRUE,TRUE,4,6,6,1
760,88,4,7,KATE,JUSTIFIED,Binary,0,TRUE,TRUE,FALSE,2,2,1,6
533,58,10,7,ANNA,"NATURAL",Binary,1,TRUE,TRUE,TRUE,4,6,3,4
408,246,4,7,KATE,JUSTIFIED,Binary,0,TRUE,TRUE,TRUE,3,1,6,1
1224,182,4,7,KATE,JUSTIFIED,Binary,0,TRUE,TRUE,TRUE,2,2,6,1
151,218,10,7,ANNA,"NATURAL",Binary,1,TRUE,TRUE,TRUE,4,6,6,1
1231,111,4,7,KATE,JUSTIFIED,Binary,0,TRUE,TRUE,TRUE,2,2,4,3
517,174,4,7,KATE,JUSTIFIED,Binary,1,TRUE,TRUE,TRUE,2,2,6,1
511,150,10,7,ANNA,"NATURAL",Binary,0,TRUE,TRUE,TRUE,6,4,1,6
901,455,4,7,KATE,JUSTIFIED,Binary,0,TRUE,TRUE,FALSE,1,3,5,2
709,120,4,7,KATE,JUSTIFIED,Binary,0,TRUE,TRUE,TRUE,1,3,2,5
349,84,10,7,ANNA,"NATURAL",Binary,1,TRUE,TRUE,TRUE,6,4,4,3
347,107,10,7,ANNA,"NATURAL",Binary,0,TRUE,TRUE,FALSE,5,5,3,4
190,198,4,7,KATE,JUSTIFIED,Binary,0,TRUE,TRUE,TRUE,2,2,6,1
235,176,4,7,KATE,JUSTIFIED,Binary,0,TRUE,TRUE,TRUE,3,1,4,3
559,197,4,7,KATE,JUSTIFIED,Binary,0,TRUE,TRUE,TRUE,3,1,4,3
176,260,10,7,ANNA,"NATURAL",Binary,0,TRUE,TRUE,TRUE,6,4,3,4
604,478,4,7,KATE,JUSTIFIED,Binary,0,TRUE,TRUE,TRUE,3,1,3,4
566,172,10,7,ANNA,"NATURAL",Binary,0,TRUE,TRUE,TRUE,5,5,4,3
591,113,10,7,ANNA,"NATURAL",Binary,1,TRUE,TRUE,TRUE,6,4,5,2
69,88,4,7,KATE,JUSTIFIED,Binary,0,TRUE,TRUE,TRUE,1,3,6,1
883,96,10,7,ANNA,"NATURAL",Binary,1,TRUE,TRUE,TRUE,6,4,1,6
990,215,4,7,KATE,JUSTIFIED,Binary,0,TRUE,TRUE,TRUE,3,1,4,3
1156,93,7,4,ANNA,JUSTIFIED,Binary,0,TRUE,FALSE,TRUE,5,2,3,1
1268,128,10,7,ANNA,"NATURAL",Binary,0,TRUE,TRUE,TRUE,4,6,3,4
824,67,10,7,ANNA,"NATURAL",Binary,1,TRUE,TRUE,TRUE,4,6,6,1
245,84,7,4,ANNA,JUSTIFIED,Binary,0,TRUE,FALSE,TRUE,3,4,3,1
548,143,7,4,ANNA,JUSTIFIED,Binary,0,TRUE,TRUE,TRUE,3,4,3,1
1357,54,10,7,ANNA,"NATURAL",Binary,1,TRUE,TRUE,TRUE,6,4,3,4
348,233,10,7,ANNA,"NATURAL",Binary,0,TRUE,TRUE,TRUE,6,4,2,5
1253,235,7,4,ANNA,JUSTIFIED,Binary,0,TRUE,TRUE,TRUE,2,5,3,1
513,82,10,7,ANNA,"NATURAL",Binary,1,TRUE,TRUE,TRUE,5,5,4,3
1009,79,7,4,ANNA,JUSTIFIED,Binary,0,TRUE,TRUE,TRUE,4,3,1,3
328,113,7,4,ANNA,JUSTIFIED,Binary,0,TRUE,TRUE,FALSE,5,2,3,1
333,174,7,4,ANNA,JUSTIFIED,Binary,0,TRUE,TRUE,TRUE,1,6,2,2
556,98,10,7,ANNA,"NATURAL",Binary,1,TRUE,TRUE,TRUE,4,6,1,6
846,86,7,4,ANNA,JUSTIFIED,Binary,0,TRUE,FALSE,TRUE,5,2,2,2
480,219,10,7,ANNA,"NATURAL",Binary,1,TRUE,TRUE,TRUE,4,6,5,2
1178,222,7,4,ANNA,JUSTIFIED,Binary,0,TRUE,FALSE,FALSE,1,6,2,2
654,121,10,12,KATE,"NATURAL",Binary,0,TRUE,TRUE,TRUE,5,5,6,6
33,184,7,4,ANNA,JUSTIFIED,Binary,1,TRUE,TRUE,TRUE,4,3,3,1
755,201,7,4,ANNA,JUSTIFIED,Binary,0,TRUE,FALSE,TRUE,4,3,1,3
248,235,10,12,KATE,"NATURAL",Binary,0,TRUE,TRUE,TRUE,6,4,6,6
441,99,10,12,KATE,"NATURAL",Binary,1,FALSE,TRUE,TRUE,4,6,6,6
1335,293,10,12,KATE,"NATURAL",Binary,0,TRUE,TRUE,TRUE,4,6,6,6
87,137,7,4,ANNA,JUSTIFIED,Binary,0,TRUE,FALSE,TRUE,1,6,2,2
1398,100,7,4,ANNA,JUSTIFIED,Binary,0,TRUE,TRUE,TRUE,6,1,3,1
835,136,7,4,ANNA,JUSTIFIED,Binary,0,TRUE,TRUE,TRUE,3,4,3,1
561,136,7,4,ANNA,JUSTIFIED,Binary,0,TRUE,TRUE,TRUE,6,1,3,1
250,94,7,4,ANNA,JUSTIFIED,Binary,0,TRUE,TRUE,TRUE,3,4,3,1
500,234,7,4,ANNA,JUSTIFIED,Binary,1,TRUE,TRUE,TRUE,3,4,2,2
163,82,7,4,ANNA,JUSTIFIED,Binary,1,TRUE,TRUE,TRUE,3,4,1,3
458,154,7,10,KATE,JUSTIFIED,Binary,1,TRUE,TRUE,TRUE,4,3,4,6
258,75,10,12,KATE,"NATURAL",Binary,1,TRUE,TRUE,TRUE,4,6,6,6
1374,85,7,10,KATE,JUSTIFIED,Binary,0,TRUE,TRUE,TRUE,6,1,4,6
402,158,10,12,KATE,"NATURAL",Binary,0,TRUE,TRUE,TRUE,4,6,6,6
1193,834,10,12,KATE,"NATURAL",Binary,1,TRUE,TRUE,TRUE,4,6,6,6
833,111,7,10,KATE,JUSTIFIED,Binary,0,TRUE,TRUE,TRUE,6,1,6,4
1425,130,10,12,KATE,"NATURAL",Binary,0,TRUE,TRUE,TRUE,5,5,6,6
603,102,7,10,KATE,JUSTIFIED,Binary,0,TRUE,TRUE,TRUE,4,3,6,4
586,176,7,10,KATE,JUSTIFIED,Binary,0,TRUE,TRUE,TRUE,6,1,5,5
465,115,10,12,KATE,"NATURAL",Binary,1,TRUE,TRUE,FALSE,6,4,6,6
1197,132,10,12,KATE,"NATURAL",Binary,1,TRUE,TRUE,TRUE,6,4,6,6
59,210,7,10,KATE,JUSTIFIED,Binary,0,TRUE,TRUE,TRUE,5,2,6,4
736,84,10,12,KATE,"NATURAL",Binary,1,TRUE,TRUE,TRUE,5,5,6,6
1252,74,7,10,KATE,JUSTIFIED,Binary,0,TRUE,TRUE,TRUE,2,5,4,6
589,69,10,12,KATE,"NATURAL",Binary,1,TRUE,TRUE,TRUE,4,6,6,6
419,418,7,10,KATE,JUSTIFIED,Binary,0,TRUE,TRUE,TRUE,2,5,6,4
647,233,10,12,KATE,"NATURAL",Binary,0,TRUE,TRUE,TRUE,6,4,6,6
1199,81,7,10,KATE,JUSTIFIED,Binary,0,TRUE,TRUE,TRUE,1,6,5,5
236,113,10,12,KATE,"NATURAL",Binary,1,TRUE,TRUE,TRUE,5,5,6,6
718,43,10,12,KATE,"NATURAL",Binary,1,TRUE,TRUE,TRUE,6,4,6,6
862,174,10,12,KATE,"NATURAL",Binary,0,TRUE,TRUE,TRUE,4,6,6,6
1240,93,7,10,KATE,JUSTIFIED,Binary,0,TRUE,TRUE,TRUE,3,4,4,6
75,343,10,12,KATE,"NATURAL",Binary,0,TRUE,TRUE,TRUE,6,4,6,6
83,220,7,10,KATE,JUSTIFIED,Binary,0,TRUE,TRUE,TRUE,4,3,5,5
210,176,10,12,KATE,"NATURAL",Binary,0,TRUE,TRUE,TRUE,4,6,6,6
90,269,7,10,KATE,JUSTIFIED,Binary,1,TRUE,TRUE,FALSE,4,3,6,4
474,327,7,10,KATE,JUSTIFIED,Binary,0,TRUE,TRUE,TRUE,4,3,6,4
969,142,10,12,KATE,"NATURAL",Binary,1,TRUE,TRUE,TRUE,4,6,6,6
569,155,7,10,KATE,JUSTIFIED,Binary,0,TRUE,TRUE,TRUE,3,4,5,5
1186,119,7,10,KATE,JUSTIFIED,Binary,0,TRUE,TRUE,TRUE,5,2,6,4
440,166,10,12,KATE,"NATURAL",Binary,1,TRUE,TRUE,TRUE,4,6,6,6
1122,1179,7,10,KATE,JUSTIFIED,Binary,1,TRUE,FALSE,TRUE,6,1,5,5
1170,116,12,12,ANNA,"NATURAL",Binary,0,TRUE,TRUE,TRUE,6,6,6,6
121,270,7,10,KATE,JUSTIFIED,Binary,0,TRUE,TRUE,TRUE,2,5,6,4
60,107,12,12,ANNA,"NATURAL",Binary,1,TRUE,TRUE,TRUE,6,6,6,6
1282,88,12,12,ANNA,"NATURAL",Binary,0,TRUE,FALSE,TRUE,6,6,6,6
971,511,10,7,ANNA,JUSTIFIED,Binary,0,TRUE,TRUE,TRUE,5,5,2,5
809,153,12,12,ANNA,"NATURAL",Binary,1,TRUE,TRUE,TRUE,6,6,6,6
804,270,12,12,ANNA,"NATURAL",Binary,1,FALSE,TRUE,TRUE,6,6,6,6
1355,237,12,12,ANNA,"NATURAL",Binary,1,TRUE,TRUE,TRUE,6,6,6,6
1155,295,12,12,ANNA,"NATURAL",Binary,1,TRUE,TRUE,TRUE,6,6,6,6
423,65,10,7,ANNA,JUSTIFIED,Binary,1,TRUE,TRUE,TRUE,4,6,4,3
813,303,12,12,ANNA,"NATURAL",Binary,1,TRUE,TRUE,TRUE,6,6,6,6
708,104,10,7,ANNA,JUSTIFIED,Binary,0,TRUE,TRUE,TRUE,5,5,1,6
1230,108,12,12,ANNA,"NATURAL",Binary,1,TRUE,TRUE,TRUE,6,6,6,6
977,117,10,7,ANNA,JUSTIFIED,Binary,0,TRUE,TRUE,TRUE,6,4,5,2
136,79,12,12,ANNA,"NATURAL",Binary,1,TRUE,TRUE,TRUE,6,6,6,6
741,139,10,7,ANNA,JUSTIFIED,Binary,0,TRUE,TRUE,TRUE,5,5,2,5
30,895,10,7,ANNA,JUSTIFIED,Binary,0,TRUE,TRUE,TRUE,6,4,6,1
1145,118,12,12,ANNA,"NATURAL",Binary,1,TRUE,TRUE,TRUE,6,6,6,6
1363,137,10,7,ANNA,JUSTIFIED,Binary,0,TRUE,TRUE,TRUE,4,6,3,4
1188,102,12,12,ANNA,"NATURAL",Binary,1,TRUE,TRUE,TRUE,6,6,6,6
29,446,10,7,ANNA,JUSTIFIED,Binary,0,TRUE,TRUE,TRUE,6,4,1,6
109,113,12,12,ANNA,"NATURAL",Binary,1,TRUE,TRUE,TRUE,6,6,6,6
529,94,12,12,ANNA,"NATURAL",Binary,1,TRUE,TRUE,TRUE,6,6,6,6
68,150,12,12,ANNA,"NATURAL",Binary,1,TRUE,TRUE,TRUE,6,6,6,6
1315,70,10,7,ANNA,JUSTIFIED,Binary,1,TRUE,TRUE,TRUE,6,4,5,2
773,352,12,12,ANNA,"NATURAL",Binary,1,TRUE,TRUE,TRUE,6,6,6,6
434,162,10,7,ANNA,JUSTIFIED,Binary,0,TRUE,TRUE,TRUE,5,5,2,5
593,130,12,12,ANNA,"NATURAL",Binary,1,TRUE,TRUE,TRUE,6,6,6,6
1093,417,12,12,ANNA,"NATURAL",Binary,1,TRUE,FALSE,TRUE,6,6,6,6
334,151,10,7,ANNA,JUSTIFIED,Binary,0,TRUE,TRUE,TRUE,4,6,6,1
358,56,12,12,ANNA,"NATURAL",Binary,1,TRUE,TRUE,TRUE,6,6,6,6
521,136,12,12,ANNA,"NATURAL",Binary,1,TRUE,TRUE,TRUE,6,6,6,6
325,151,10,7,ANNA,JUSTIFIED,Binary,0,TRUE,TRUE,TRUE,6,4,3,4
849,72,10,7,ANNA,JUSTIFIED,Binary,0,TRUE,FALSE,TRUE,4,6,6,1
988,66,10,7,ANNA,JUSTIFIED,Binary,1,TRUE,TRUE,TRUE,5,5,3,4
927,35,10,7,ANNA,JUSTIFIED,Binary,1,FALSE,FALSE,FALSE,4,6,6,1
1135,128,10,7,ANNA,JUSTIFIED,Binary,0,TRUE,TRUE,TRUE,5,5,6,1
837,103,10,7,ANNA,JUSTIFIED,Binary,1,TRUE,TRUE,TRUE,4,6,4,3
519,129,10,7,ANNA,JUSTIFIED,Binary,1,TRUE,TRUE,TRUE,4,6,1,6
1251,995,10,7,ANNA,JUSTIFIED,Binary,1,TRUE,TRUE,FALSE,4,6,1,6
1250,103,10,12,KATE,JUSTIFIED,Binary,0,TRUE,TRUE,TRUE,6,4,6,6
625,1122,10,12,KATE,JUSTIFIED,Binary,1,TRUE,TRUE,TRUE,4,6,6,6
1434,165,10,12,KATE,JUSTIFIED,Binary,0,TRUE,TRUE,TRUE,6,4,6,6
383,185,10,12,KATE,JUSTIFIED,Binary,1,TRUE,TRUE,TRUE,4,6,6,6
269,62,10,12,KATE,JUSTIFIED,Binary,0,TRUE,TRUE,TRUE,6,4,6,6
1247,88,10,12,KATE,JUSTIFIED,Binary,0,TRUE,TRUE,TRUE,5,5,6,6
730,48,10,12,KATE,JUSTIFIED,Binary,1,TRUE,TRUE,FALSE,4,6,6,6
1288,170,10,12,KATE,JUSTIFIED,Binary,0,TRUE,FALSE,TRUE,6,4,6,6
858,92,10,12,KATE,JUSTIFIED,Binary,0,TRUE,TRUE,FALSE,4,6,6,6
742,301,10,12,KATE,JUSTIFIED,Binary,0,TRUE,TRUE,TRUE,5,5,6,6
576,98,10,12,KATE,JUSTIFIED,Binary,0,TRUE,TRUE,TRUE,6,4,6,6
484,706,10,12,KATE,JUSTIFIED,Binary,0,TRUE,TRUE,TRUE,6,4,6,6
582,184,10,12,KATE,JUSTIFIED,Binary,0,TRUE,TRUE,TRUE,5,5,6,6
629,136,10,12,KATE,JUSTIFIED,Binary,0,TRUE,TRUE,TRUE,4,6,6,6
1276,587,10,12,KATE,JUSTIFIED,Binary,0,FALSE,TRUE,FALSE,5,5,6,6
701,82,10,12,KATE,JUSTIFIED,Binary,0,TRUE,FALSE,TRUE,4,6,6,6
294,90,10,12,KATE,JUSTIFIED,Binary,0,TRUE,TRUE,TRUE,6,4,6,6
376,83,10,12,KATE,JUSTIFIED,Binary,0,TRUE,TRUE,TRUE,5,5,6,6
854,219,10,12,KATE,JUSTIFIED,Binary,0,TRUE,FALSE,FALSE,5,5,6,6
1280,119,10,12,KATE,JUSTIFIED,Binary,0,TRUE,TRUE,TRUE,6,4,6,6
1410,362,12,12,ANNA,JUSTIFIED,Binary,0,TRUE,TRUE,TRUE,6,6,6,6
366,88,12,12,ANNA,JUSTIFIED,Binary,1,TRUE,TRUE,FALSE,6,6,6,6
128,97,12,12,ANNA,JUSTIFIED,Binary,0,TRUE,TRUE,TRUE,6,6,6,6
321,326,12,12,ANNA,JUSTIFIED,Binary,1,TRUE,TRUE,TRUE,6,6,6,6
1071,244,12,12,ANNA,JUSTIFIED,Binary,1,FALSE,TRUE,TRUE,6,6,6,6
2,160,12,12,ANNA,JUSTIFIED,Binary,1,TRUE,TRUE,TRUE,6,6,6,6
704,264,12,12,ANNA,JUSTIFIED,Binary,1,TRUE,TRUE,TRUE,6,6,6,6
260,83,12,12,ANNA,JUSTIFIED,Binary,1,TRUE,TRUE,TRUE,6,6,6,6
1003,134,12,12,ANNA,JUSTIFIED,Binary,0,FALSE,TRUE,TRUE,6,6,6,6
822,214,12,12,ANNA,JUSTIFIED,Binary,1,TRUE,TRUE,TRUE,6,6,6,6
887,146,12,12,ANNA,JUSTIFIED,Binary,1,TRUE,TRUE,TRUE,6,6,6,6
460,105,12,12,ANNA,JUSTIFIED,Binary,1,TRUE,TRUE,TRUE,6,6,6,6
606,83,12,12,ANNA,JUSTIFIED,Binary,1,TRUE,TRUE,TRUE,6,6,6,6
125,154,12,12,ANNA,JUSTIFIED,Binary,1,TRUE,TRUE,TRUE,6,6,6,6
1180,232,12,12,ANNA,JUSTIFIED,Binary,1,TRUE,TRUE,TRUE,6,6,6,6
1310,71,12,12,ANNA,JUSTIFIED,Binary,1,TRUE,TRUE,TRUE,6,6,6,6
1412,109,12,12,ANNA,JUSTIFIED,Binary,1,TRUE,TRUE,TRUE,6,6,6,6
628,112,12,12,ANNA,JUSTIFIED,Binary,1,TRUE,TRUE,TRUE,6,6,6,6
1106,91,12,12,ANNA,JUSTIFIED,Binary,1,TRUE,TRUE,TRUE,6,6,6,6
221,163,12,12,ANNA,JUSTIFIED,Binary,1,TRUE,TRUE,TRUE,6,6,6,6
724,138,2,2,KATE,TRUE,Likert,1,TRUE,TRUE,TRUE,1,1,1,1
36,164,10,7,ANNA,"NATURAL",Likert,5,TRUE,TRUE,TRUE,4,6,5,2
1318,159,4,7,KATE,TRUSTWORTHY,Likert,1,TRUE,TRUE,TRUE,2,2,2,5
1058,70,2,2,KATE,RIGHT,Likert,1,TRUE,TRUE,TRUE,1,1,1,1
252,167,2,2,KATE,TRUE,Likert,1,TRUE,TRUE,TRUE,1,1,1,1
1092,119,4,7,KATE,RIGHT,Likert,1,TRUE,TRUE,TRUE,2,2,3,4
11,91,4,2,ANNA,JUSTIFIED,Likert,4,TRUE,FALSE,TRUE,3,1,1,1
94,173,12,12,ANNA,JUSTIFIED,Likert,7,TRUE,TRUE,TRUE,6,6,6,6
488,49,2,2,KATE,TRUE,Likert,1,TRUE,TRUE,TRUE,1,1,1,1
532,142,2,2,KATE,JUSTIFIED,Likert,1,TRUE,FALSE,FALSE,1,1,1,1
899,65,12,12,ANNA,CORRECT,Likert,7,TRUE,TRUE,TRUE,6,6,6,6
652,502,2,2,KATE,TRUSTWORTHY,Likert,2,FALSE,TRUE,TRUE,1,1,1,1
959,163,10,7,ANNA,"NATURAL",Likert,7,TRUE,TRUE,TRUE,4,6,5,2
902,136,2,2,KATE,TRUSTWORTHY,Likert,1,TRUE,TRUE,TRUE,1,1,1,1
186,72,2,2,KATE,RIGHT,Likert,1,TRUE,TRUE,TRUE,1,1,1,1
1291,264,10,12,KATE,"NATURAL",Likert,3,TRUE,TRUE,TRUE,5,5,6,6
450,163,10,12,KATE,TRUE,Likert,1,TRUE,TRUE,TRUE,4,6,6,6
1096,89,2,2,KATE,"NATURAL",Likert,7,TRUE,FALSE,TRUE,1,1,1,1
1124,232,10,12,KATE,JUSTIFIED,Likert,7,TRUE,FALSE,FALSE,5,5,6,6
562,99,2,2,KATE,RIGHT,Likert,2,TRUE,TRUE,FALSE,1,1,1,1
1314,45,10,12,KATE,JUSTIFIED,Likert,4,FALSE,FALSE,TRUE,5,5,6,6
1024,130,10,12,KATE,TRUSTWORTHY,Likert,5,TRUE,TRUE,TRUE,5,5,6,6
1129,126,4,2,ANNA,"NATURAL",Likert,3,TRUE,TRUE,TRUE,1,3,1,1
453,110,7,10,KATE,"NATURAL",Likert,1,TRUE,TRUE,TRUE,3,4,4,6
731,97,4,2,ANNA,JUSTIFIED,Likert,6,TRUE,TRUE,TRUE,2,2,1,1
639,338,12,12,ANNA,JUSTIFIED,Likert,6,TRUE,TRUE,TRUE,6,6,6,6
962,272,10,12,KATE,TRUE,Likert,1,TRUE,TRUE,TRUE,4,6,6,6
615,147,7,10,KATE,CORRECT,Likert,1,TRUE,TRUE,TRUE,5,2,6,4
188,109,4,2,ANNA,TRUE,Likert,7,TRUE,TRUE,TRUE,1,3,1,1
864,107,2,2,KATE,TRUSTWORTHY,Likert,1,TRUE,TRUE,TRUE,1,1,1,1
162,83,7,10,KATE,RIGHT,Likert,1,TRUE,TRUE,TRUE,1,6,4,6
310,82,10,7,ANNA,RIGHT,Likert,7,TRUE,TRUE,TRUE,5,5,6,1
878,151,7,4,ANNA,TRUSTWORTHY,Likert,4,TRUE,TRUE,TRUE,5,2,3,1
1121,86,10,12,KATE,JUSTIFIED,Likert,1,TRUE,TRUE,TRUE,5,5,6,6
850,243,4,7,KATE,"NATURAL",Likert,6,FALSE,TRUE,TRUE,2,2,6,1
1371,506,7,4,ANNA,"NATURAL",Likert,5,TRUE,TRUE,TRUE,1,6,1,3
1201,185,12,12,ANNA,TRUE,Likert,7,TRUE,TRUE,TRUE,6,6,6,6
932,98,7,4,ANNA,CORRECT,Likert,4,TRUE,TRUE,TRUE,3,4,3,1
524,627,2,2,KATE,RIGHT,Likert,1,FALSE,TRUE,TRUE,1,1,1,1
81,348,2,2,KATE,JUSTIFIED,Likert,1,TRUE,TRUE,TRUE,1,1,1,1
514,84,10,12,KATE,"NATURAL",Likert,1,TRUE,TRUE,TRUE,5,5,6,6
653,507,12,12,ANNA,TRUE,Likert,7,TRUE,TRUE,TRUE,6,6,6,6
1254,26,7,10,KATE,CORRECT,Likert,6,FALSE,FALSE,FALSE,6,1,6,4
1423,134,2,2,KATE,RIGHT,Likert,2,TRUE,TRUE,TRUE,1,1,1,1
994,108,2,2,KATE,CORRECT,Likert,1,TRUE,TRUE,TRUE,1,1,1,1
1344,177,12,12,ANNA,TRUE,Likert,7,TRUE,TRUE,TRUE,6,6,6,6
219,49,7,4,ANNA,"NATURAL",Likert,4,TRUE,TRUE,TRUE,3,4,2,2
464,170,4,2,ANNA,CORRECT,Likert,7,TRUE,TRUE,TRUE,2,2,1,1
231,169,2,2,KATE,TRUSTWORTHY,Likert,2,TRUE,TRUE,TRUE,1,1,1,1
1163,156,7,10,KATE,TRUSTWORTHY,Likert,1,TRUE,TRUE,TRUE,5,2,4,6
650,221,10,12,KATE,RIGHT,Likert,1,TRUE,TRUE,TRUE,4,6,6,6
1270,229,12,12,ANNA,CORRECT,Likert,7,TRUE,TRUE,TRUE,6,6,6,6
1263,511,12,12,ANNA,CORRECT,Likert,7,TRUE,TRUE,TRUE,6,6,6,6
332,70,4,2,ANNA,TRUE,Likert,7,TRUE,TRUE,TRUE,2,2,1,1
1417,66,2,2,KATE,"NATURAL",Likert,7,TRUE,FALSE,TRUE,1,1,1,1
114,66,4,7,KATE,TRUSTWORTHY,Likert,6,FALSE,TRUE,TRUE,2,2,4,3
572,165,2,2,KATE,CORRECT,Likert,1,TRUE,TRUE,TRUE,1,1,1,1
671,320,4,2,ANNA,JUSTIFIED,Likert,7,TRUE,TRUE,TRUE,3,1,1,1
249,105,10,12,KATE,TRUE,Likert,6,TRUE,FALSE,FALSE,4,6,6,6
433,136,4,2,ANNA,CORRECT,Likert,7,TRUE,TRUE,TRUE,3,1,1,1
1322,76,10,7,ANNA,"NATURAL",Likert,6,TRUE,TRUE,TRUE,6,4,6,1
230,154,7,10,KATE,RIGHT,Likert,2,TRUE,TRUE,TRUE,1,6,6,4
568,194,10,12,KATE,TRUSTWORTHY,Likert,2,FALSE,TRUE,FALSE,4,6,6,6
1172,182,10,12,KATE,TRUE,Likert,1,TRUE,TRUE,TRUE,5,5,6,6
1380,144,10,7,ANNA,JUSTIFIED,Likert,2,TRUE,TRUE,TRUE,6,4,3,4
953,92,10,7,ANNA,TRUSTWORTHY,Likert,5,TRUE,FALSE,TRUE,4,6,1,6
1001,154,4,2,ANNA,"NATURAL",Likert,2,TRUE,TRUE,TRUE,3,1,1,1
733,441,2,2,KATE,TRUSTWORTHY,Likert,7,TRUE,TRUE,TRUE,1,1,1,1
183,121,10,12,KATE,JUSTIFIED,Likert,1,FALSE,TRUE,TRUE,5,5,6,6
26,120,2,2,KATE,RIGHT,Likert,1,TRUE,TRUE,TRUE,1,1,1,1
1049,239,4,2,ANNA,RIGHT,Likert,7,TRUE,TRUE,TRUE,2,2,1,1
931,838,4,2,ANNA,JUSTIFIED,Likert,5,TRUE,TRUE,TRUE,3,1,1,1
764,104,7,4,ANNA,TRUE,Likert,7,TRUE,TRUE,FALSE,3,4,1,3
1048,82,12,12,ANNA,CORRECT,Likert,7,TRUE,TRUE,TRUE,6,6,6,6
1257,273,12,12,ANNA,TRUSTWORTHY,Likert,7,TRUE,TRUE,FALSE,6,6,6,6
1349,116,12,12,ANNA,TRUSTWORTHY,Likert,5,TRUE,TRUE,TRUE,6,6,6,6
1238,123,12,12,ANNA,JUSTIFIED,Likert,7,TRUE,TRUE,TRUE,6,6,6,6
601,165,10,7,ANNA,TRUE,Likert,7,TRUE,TRUE,FALSE,6,4,4,3
1037,156,7,4,ANNA,TRUE,Likert,5,TRUE,TRUE,TRUE,6,1,3,1
1095,96,4,7,KATE,CORRECT,Likert,1,TRUE,FALSE,TRUE,2,2,1,6
65,322,10,7,ANNA,JUSTIFIED,Likert,5,TRUE,TRUE,TRUE,6,4,5,2
1025,174,10,12,KATE,RIGHT,Likert,1,FALSE,TRUE,TRUE,6,4,6,6
744,41,7,10,KATE,CORRECT,Likert,7,TRUE,FALSE,FALSE,4,3,5,5
127,106,4,2,ANNA,TRUE,Likert,7,TRUE,TRUE,TRUE,2,2,1,1
579,57,4,2,ANNA,JUSTIFIED,Likert,1,TRUE,TRUE,TRUE,1,3,1,1
21,304,10,7,ANNA,JUSTIFIED,Likert,2,TRUE,TRUE,TRUE,6,4,5,2
469,156,7,10,KATE,TRUSTWORTHY,Likert,2,TRUE,TRUE,TRUE,5,2,4,6
894,109,12,12,ANNA,TRUSTWORTHY,Likert,2,TRUE,TRUE,TRUE,6,6,6,6
1206,361,12,12,ANNA,JUSTIFIED,Likert,3,TRUE,FALSE,TRUE,6,6,6,6
557,215,2,2,KATE,JUSTIFIED,Likert,1,TRUE,TRUE,TRUE,1,1,1,1
1105,311,12,12,ANNA,TRUSTWORTHY,Likert,5,TRUE,TRUE,TRUE,6,6,6,6
592,132,4,2,ANNA,TRUSTWORTHY,Likert,3,TRUE,TRUE,TRUE,3,1,1,1
1111,214,7,4,ANNA,CORRECT,Likert,7,TRUE,TRUE,TRUE,3,4,3,1
291,370,10,12,KATE,RIGHT,Likert,1,TRUE,TRUE,TRUE,4,6,6,6
302,72,12,12,ANNA,TRUSTWORTHY,Likert,5,TRUE,TRUE,TRUE,6,6,6,6
123,73,10,12,KATE,TRUE,Likert,1,TRUE,TRUE,TRUE,5,5,6,6
1346,286,10,7,ANNA,CORRECT,Likert,4,TRUE,TRUE,TRUE,5,5,6,1
1284,140,7,4,ANNA,TRUE,Likert,5,TRUE,TRUE,FALSE,5,2,2,2
20,201,10,12,KATE,"NATURAL",Likert,7,TRUE,TRUE,TRUE,6,4,6,6
363,480,12,12,ANNA,CORRECT,Likert,7,TRUE,TRUE,TRUE,6,6,6,6
979,249,7,4,ANNA,TRUE,Likert,6,TRUE,FALSE,TRUE,6,1,3,1
658,111,4,2,ANNA,TRUSTWORTHY,Likert,4,TRUE,TRUE,TRUE,3,1,1,1
1079,104,4,2,ANNA,RIGHT,Likert,7,TRUE,TRUE,TRUE,2,2,1,1
105,103,2,2,KATE,TRUSTWORTHY,Likert,1,TRUE,TRUE,TRUE,1,1,1,1
780,121,7,10,KATE,TRUE,Likert,1,TRUE,TRUE,TRUE,4,3,4,6
685,183,10,12,KATE,RIGHT,Likert,1,TRUE,TRUE,TRUE,4,6,6,6
118,198,2,2,KATE,"NATURAL",Likert,1,TRUE,TRUE,TRUE,1,1,1,1
405,83,10,12,KATE,TRUSTWORTHY,Likert,2,TRUE,TRUE,TRUE,4,6,6,6
1232,74,2,2,KATE,"NATURAL",Likert,1,TRUE,TRUE,FALSE,1,1,1,1
131,119,10,12,KATE,TRUSTWORTHY,Likert,4,TRUE,TRUE,TRUE,4,6,6,6
1278,167,12,12,ANNA,TRUE,Likert,7,TRUE,TRUE,TRUE,6,6,6,6
890,121,10,12,KATE,JUSTIFIED,Likert,1,TRUE,TRUE,TRUE,6,4,6,6
24,546,4,2,ANNA,RIGHT,Likert,6,TRUE,TRUE,TRUE,1,3,1,1
1125,344,12,12,ANNA,RIGHT,Likert,7,TRUE,TRUE,TRUE,6,6,6,6
1085,166,4,7,KATE,TRUSTWORTHY,Likert,6,TRUE,FALSE,FALSE,1,3,4,3
473,311,4,2,ANNA,"NATURAL",Likert,4,TRUE,TRUE,TRUE,2,2,1,1
175,125,10,7,ANNA,CORRECT,Likert,4,TRUE,TRUE,TRUE,5,5,6,1
1017,129,4,2,ANNA,TRUSTWORTHY,Likert,3,TRUE,TRUE,TRUE,3,1,1,1
785,174,4,7,KATE,CORRECT,Likert,1,TRUE,TRUE,FALSE,3,1,2,5
1012,84,7,4,ANNA,RIGHT,Likert,7,TRUE,TRUE,FALSE,2,5,1,3
812,39,10,12,KATE,CORRECT,Likert,5,FALSE,TRUE,TRUE,6,4,6,6
299,174,12,12,ANNA,CORRECT,Likert,7,TRUE,TRUE,TRUE,6,6,6,6
1219,33,10,12,KATE,"NATURAL",Likert,1,FALSE,TRUE,FALSE,6,4,6,6
1338,451,10,12,KATE,RIGHT,Likert,1,TRUE,TRUE,TRUE,6,4,6,6
282,77,12,12,ANNA,RIGHT,Likert,7,TRUE,TRUE,TRUE,6,6,6,6
300,180,2,2,KATE,TRUE,Likert,1,TRUE,TRUE,TRUE,1,1,1,1
272,164,10,12,KATE,"NATURAL",Likert,3,TRUE,TRUE,TRUE,5,5,6,6
330,76,7,4,ANNA,"NATURAL",Likert,4,TRUE,TRUE,TRUE,2,5,3,1
1393,102,10,12,KATE,RIGHT,Likert,1,TRUE,TRUE,TRUE,6,4,6,6
769,185,4,7,KATE,JUSTIFIED,Likert,1,TRUE,TRUE,TRUE,2,2,4,3
189,72,10,7,ANNA,RIGHT,Likert,1,TRUE,TRUE,TRUE,6,4,5,2
263,112,2,2,KATE,TRUSTWORTHY,Likert,1,TRUE,TRUE,TRUE,1,1,1,1
1332,173,2,2,KATE,JUSTIFIED,Likert,1,TRUE,TRUE,TRUE,1,1,1,1
903,271,10,7,ANNA,RIGHT,Likert,6,TRUE,TRUE,TRUE,6,4,2,5
719,62,4,7,KATE,TRUSTWORTHY,Likert,2,TRUE,TRUE,TRUE,2,2,1,6
401,841,12,12,ANNA,TRUE,Likert,1,TRUE,TRUE,TRUE,6,6,6,6
525,152,7,4,ANNA,CORRECT,Likert,7,TRUE,TRUE,TRUE,2,5,1,3
1162,125,7,4,ANNA,RIGHT,Likert,5,TRUE,TRUE,TRUE,2,5,1,3
160,117,10,7,ANNA,"NATURAL",Likert,6,TRUE,FALSE,TRUE,4,6,6,1
1040,90,2,2,KATE,TRUE,Likert,1,TRUE,FALSE,TRUE,1,1,1,1
135,132,2,2,KATE,"NATURAL",Likert,4,TRUE,TRUE,TRUE,1,1,1,1
1110,76,7,4,ANNA,CORRECT,Likert,7,TRUE,TRUE,TRUE,5,2,1,3
664,140,10,12,KATE,"NATURAL",Likert,2,TRUE,TRUE,TRUE,6,4,6,6
516,196,12,12,ANNA,TRUE,Likert,7,TRUE,TRUE,TRUE,6,6,6,6
1196,111,10,7,ANNA,"NATURAL",Likert,1,FALSE,TRUE,TRUE,4,6,6,1
1015,77,12,12,ANNA,CORRECT,Likert,7,TRUE,TRUE,TRUE,6,6,6,6
947,147,7,4,ANNA,JUSTIFIED,Likert,1,TRUE,TRUE,TRUE,3,4,2,2
982,117,12,12,ANNA,TRUSTWORTHY,Likert,6,TRUE,FALSE,TRUE,6,6,6,6
917,66,12,12,ANNA,TRUSTWORTHY,Likert,2,TRUE,FALSE,TRUE,6,6,6,6
792,360,2,2,KATE,TRUE,Likert,1,TRUE,TRUE,TRUE,1,1,1,1
461,50,10,7,ANNA,TRUSTWORTHY,Likert,5,TRUE,TRUE,TRUE,5,5,1,6
89,331,10,7,ANNA,CORRECT,Likert,7,TRUE,TRUE,TRUE,6,4,1,6
1098,193,2,2,KATE,JUSTIFIED,Likert,6,FALSE,TRUE,TRUE,1,1,1,1
84,223,4,7,KATE,CORRECT,Likert,7,TRUE,TRUE,TRUE,2,2,2,5
729,197,12,12,ANNA,RIGHT,Likert,7,TRUE,TRUE,TRUE,6,6,6,6
489,120,12,12,ANNA,JUSTIFIED,Likert,1,FALSE,TRUE,TRUE,6,6,6,6
472,71,7,10,KATE,CORRECT,Likert,1,TRUE,TRUE,TRUE,3,4,6,4
716,98,4,2,ANNA,"NATURAL",Likert,7,FALSE,TRUE,TRUE,3,1,1,1
1299,57,12,12,ANNA,CORRECT,Likert,7,TRUE,TRUE,TRUE,6,6,6,6
1070,555,4,7,KATE,CORRECT,Likert,1,TRUE,TRUE,TRUE,2,2,2,5
268,86,10,7,ANNA,JUSTIFIED,Likert,7,TRUE,TRUE,TRUE,5,5,4,3
1352,813,12,12,ANNA,RIGHT,Likert,6,FALSE,FALSE,FALSE,6,6,6,6
1127,58,2,2,KATE,JUSTIFIED,Likert,7,TRUE,TRUE,TRUE,1,1,1,1
1128,142,4,7,KATE,"NATURAL",Likert,1,TRUE,TRUE,TRUE,2,2,6,1
1167,115,7,4,ANNA,TRUSTWORTHY,Likert,4,TRUE,TRUE,TRUE,6,1,1,3
46,185,4,7,KATE,RIGHT,Likert,1,TRUE,TRUE,TRUE,3,1,5,2
930,552,10,12,KATE,JUSTIFIED,Likert,3,TRUE,TRUE,TRUE,5,5,6,6
827,84,12,12,ANNA,TRUE,Likert,7,TRUE,TRUE,TRUE,6,6,6,6
119,113,12,12,ANNA,JUSTIFIED,Likert,7,TRUE,TRUE,TRUE,6,6,6,6
951,493,2,2,KATE,TRUSTWORTHY,Likert,2,TRUE,TRUE,TRUE,1,1,1,1
152,116,4,7,KATE,"NATURAL",Likert,1,TRUE,TRUE,TRUE,1,3,1,6
243,134,4,2,ANNA,"NATURAL",Likert,2,TRUE,FALSE,FALSE,3,1,1,1
873,79,4,2,ANNA,TRUE,Likert,6,TRUE,TRUE,TRUE,1,3,1,1
372,136,12,12,ANNA,RIGHT,Likert,7,TRUE,TRUE,TRUE,6,6,6,6
898,72,10,12,KATE,TRUSTWORTHY,Likert,3,TRUE,TRUE,TRUE,4,6,6,6
598,47,7,4,ANNA,JUSTIFIED,Likert,7,TRUE,TRUE,TRUE,4,3,3,1
522,599,7,4,ANNA,TRUSTWORTHY,Likert,4,TRUE,TRUE,TRUE,1,6,1,3
305,43,2,2,KATE,TRUSTWORTHY,Likert,2,TRUE,TRUE,TRUE,1,1,1,1
1033,100,10,12,KATE,CORRECT,Likert,1,TRUE,TRUE,TRUE,6,4,6,6
1029,129,7,4,ANNA,CORRECT,Likert,7,TRUE,TRUE,TRUE,2,5,1,3
1150,382,2,2,KATE,JUSTIFIED,Likert,1,TRUE,TRUE,TRUE,1,1,1,1
437,233,12,12,ANNA,RIGHT,Likert,7,TRUE,TRUE,TRUE,6,6,6,6
1342,137,4,7,KATE,TRUSTWORTHY,Likert,7,TRUE,TRUE,TRUE,1,3,6,1
308,582,10,7,ANNA,"NATURAL",Likert,4,TRUE,TRUE,TRUE,4,6,6,1
757,347,2,2,KATE,"NATURAL",Likert,6,TRUE,FALSE,TRUE,1,1,1,1
663,422,10,12,KATE,TRUSTWORTHY,Likert,2,TRUE,TRUE,TRUE,5,5,6,6
443,503,2,2,KATE,RIGHT,Likert,1,TRUE,FALSE,TRUE,1,1,1,1
487,235,7,10,KATE,JUSTIFIED,Likert,1,TRUE,TRUE,TRUE,1,6,6,4
344,601,2,2,KATE,RIGHT,Likert,7,TRUE,TRUE,TRUE,1,1,1,1
104,87,4,2,ANNA,RIGHT,Likert,7,TRUE,TRUE,TRUE,2,2,1,1
777,158,12,12,ANNA,TRUSTWORTHY,Likert,7,TRUE,TRUE,TRUE,6,6,6,6
538,300,4,7,KATE,JUSTIFIED,Likert,2,TRUE,TRUE,TRUE,2,2,4,3
394,1075,12,12,ANNA,CORRECT,Likert,7,TRUE,TRUE,TRUE,6,6,6,6
815,116,2,2,KATE,JUSTIFIED,Likert,7,TRUE,FALSE,TRUE,1,1,1,1
297,201,7,10,KATE,JUSTIFIED,Likert,1,TRUE,TRUE,FALSE,1,6,6,4
1396,279,10,12,KATE,JUSTIFIED,Likert,5,TRUE,TRUE,FALSE,5,5,6,6
261,197,4,2,ANNA,TRUE,Likert,7,FALSE,FALSE,FALSE,1,3,1,1
626,160,7,10,KATE,RIGHT,Likert,6,TRUE,TRUE,TRUE,1,6,6,4
712,122,10,12,KATE,JUSTIFIED,Likert,1,TRUE,TRUE,TRUE,5,5,6,6
167,163,10,7,ANNA,JUSTIFIED,Likert,1,TRUE,TRUE,TRUE,6,4,3,4
985,67,2,2,KATE,"NATURAL",Likert,5,TRUE,TRUE,TRUE,1,1,1,1
1235,296,7,10,KATE,TRUSTWORTHY,Likert,1,TRUE,TRUE,TRUE,4,3,4,6
1114,100,4,2,ANNA,TRUE,Likert,1,TRUE,TRUE,TRUE,1,3,1,1
1329,235,7,4,ANNA,"NATURAL",Likert,3,TRUE,TRUE,TRUE,1,6,1,3
1158,113,12,12,ANNA,TRUE,Likert,1,FALSE,TRUE,TRUE,6,6,6,6
635,289,7,10,KATE,JUSTIFIED,Likert,1,TRUE,TRUE,TRUE,5,2,6,4
234,25,2,2,KATE,JUSTIFIED,Likert,4,FALSE,TRUE,FALSE,1,1,1,1
144,86,10,12,KATE,TRUE,Likert,1,TRUE,TRUE,FALSE,4,6,6,6
670,234,10,7,ANNA,CORRECT,Likert,7,TRUE,TRUE,TRUE,6,4,1,6
966,45,10,12,KATE,TRUE,Likert,1,TRUE,TRUE,TRUE,5,5,6,6
85,439,4,2,ANNA,TRUSTWORTHY,Likert,3,TRUE,TRUE,TRUE,3,1,1,1
830,126,2,2,KATE,TRUSTWORTHY,Likert,4,TRUE,FALSE,TRUE,1,1,1,1
111,78,12,12,ANNA,JUSTIFIED,Likert,7,TRUE,TRUE,TRUE,6,6,6,6
404,82,2,2,KATE,TRUE,Likert,1,TRUE,TRUE,TRUE,1,1,1,1
1154,132,7,4,ANNA,TRUSTWORTHY,Likert,7,TRUE,TRUE,TRUE,4,3,3,1
848,73,10,12,KATE,CORRECT,Likert,1,TRUE,TRUE,TRUE,4,6,6,6
16,1078,4,7,KATE,CORRECT,Likert,6,TRUE,TRUE,TRUE,2,2,2,5
1289,78,4,2,ANNA,JUSTIFIED,Likert,5,TRUE,TRUE,TRUE,1,3,1,1
832,269,2,2,KATE,CORRECT,Likert,7,TRUE,FALSE,TRUE,1,1,1,1
1213,197,4,7,KATE,TRUSTWORTHY,Likert,1,TRUE,TRUE,TRUE,3,1,5,2
415,163,4,7,KATE,"NATURAL",Likert,1,TRUE,TRUE,TRUE,1,3,1,6
681,97,10,7,ANNA,RIGHT,Likert,7,TRUE,TRUE,TRUE,5,5,6,1
1259,378,12,12,ANNA,RIGHT,Likert,1,FALSE,TRUE,TRUE,6,6,6,6
165,177,12,12,ANNA,CORRECT,Likert,7,TRUE,TRUE,TRUE,6,6,6,6
759,239,10,12,KATE,"NATURAL",Likert,6,TRUE,TRUE,TRUE,6,4,6,6
944,231,7,10,KATE,CORRECT,Likert,6,FALSE,TRUE,FALSE,2,5,5,5
64,185,2,2,KATE,CORRECT,Likert,6,FALSE,TRUE,TRUE,1,1,1,1
1405,85,10,12,KATE,CORRECT,Likert,1,TRUE,TRUE,TRUE,6,4,6,6
558,169,4,2,ANNA,CORRECT,Likert,2,TRUE,TRUE,TRUE,3,1,1,1
246,61,2,2,KATE,CORRECT,Likert,1,TRUE,TRUE,TRUE,1,1,1,1
659,306,12,12,ANNA,RIGHT,Likert,7,TRUE,TRUE,TRUE,6,6,6,6
253,206,4,7,KATE,CORRECT,Likert,1,TRUE,TRUE,FALSE,1,3,2,5
1036,75,7,10,KATE,TRUSTWORTHY,Likert,4,TRUE,TRUE,TRUE,4,3,6,4
710,133,7,10,KATE,"NATURAL",Likert,2,TRUE,TRUE,TRUE,3,4,4,6
255,99,12,12,ANNA,TRUE,Likert,7,TRUE,TRUE,TRUE,6,6,6,6
739,125,4,2,ANNA,JUSTIFIED,Likert,1,TRUE,TRUE,TRUE,1,3,1,1
1182,212,2,2,KATE,"NATURAL",Likert,1,TRUE,TRUE,FALSE,1,1,1,1
936,179,12,12,ANNA,RIGHT,Likert,6,TRUE,TRUE,TRUE,6,6,6,6
1378,58,10,12,KATE,TRUSTWORTHY,Likert,2,TRUE,TRUE,TRUE,5,5,6,6
987,83,7,4,ANNA,JUSTIFIED,Likert,2,TRUE,TRUE,TRUE,4,3,3,1
913,241,4,2,ANNA,"NATURAL",Likert,1,TRUE,TRUE,TRUE,1,3,1,1
786,132,4,7,KATE,JUSTIFIED,Likert,1,TRUE,TRUE,TRUE,1,3,3,4
687,122,7,10,KATE,CORRECT,Likert,1,TRUE,TRUE,TRUE,5,2,6,4
1005,67,7,10,KATE,JUSTIFIED,Likert,1,TRUE,TRUE,TRUE,2,5,4,6
933,197,12,12,ANNA,TRUSTWORTHY,Likert,4,TRUE,TRUE,TRUE,6,6,6,6
636,303,4,2,ANNA,"NATURAL",Likert,1,TRUE,TRUE,TRUE,2,2,1,1
49,286,4,2,ANNA,CORRECT,Likert,7,TRUE,TRUE,TRUE,3,1,1,1
940,67,4,2,ANNA,"NATURAL",Likert,7,TRUE,TRUE,TRUE,2,2,1,1
1022,120,7,10,KATE,TRUSTWORTHY,Likert,1,TRUE,TRUE,TRUE,1,6,6,4
425,139,4,2,ANNA,"NATURAL",Likert,1,TRUE,TRUE,TRUE,3,1,1,1
154,456,10,12,KATE,TRUE,Likert,1,TRUE,TRUE,TRUE,4,6,6,6
1109,206,10,7,ANNA,CORRECT,Likert,7,TRUE,TRUE,TRUE,4,6,3,4
217,226,2,2,KATE,"NATURAL",Likert,1,TRUE,TRUE,TRUE,1,1,1,1
872,154,7,4,ANNA,TRUSTWORTHY,Likert,2,TRUE,TRUE,TRUE,1,6,1,3
717,169,2,2,KATE,CORRECT,Likert,7,TRUE,TRUE,TRUE,1,1,1,1
975,154,4,2,ANNA,JUSTIFIED,Likert,1,TRUE,TRUE,TRUE,3,1,1,1
630,111,12,12,ANNA,JUSTIFIED,Likert,1,TRUE,TRUE,TRUE,6,6,6,6
505,161,12,12,ANNA,RIGHT,Likert,7,TRUE,TRUE,TRUE,6,6,6,6
375,263,10,12,KATE,CORRECT,Likert,1,TRUE,TRUE,TRUE,6,4,6,6
925,200,7,10,KATE,TRUE,Likert,2,TRUE,TRUE,TRUE,2,5,5,5
354,98,10,7,ANNA,RIGHT,Likert,7,TRUE,TRUE,TRUE,5,5,1,6
31,956,2,2,KATE,TRUE,Likert,1,TRUE,TRUE,TRUE,1,1,1,1
1336,97,7,4,ANNA,TRUE,Likert,7,TRUE,TRUE,TRUE,6,1,3,1
1391,259,2,2,KATE,RIGHT,Likert,7,TRUE,FALSE,FALSE,1,1,1,1
232,134,7,10,KATE,JUSTIFIED,Likert,1,TRUE,TRUE,TRUE,4,3,5,5
897,206,10,12,KATE,TRUSTWORTHY,Likert,4,TRUE,TRUE,TRUE,4,6,6,6
15,140,4,2,ANNA,CORRECT,Likert,7,TRUE,TRUE,TRUE,2,2,1,1
1149,68,4,2,ANNA,"NATURAL",Likert,4,TRUE,TRUE,TRUE,1,3,1,1
1296,146,12,12,ANNA,JUSTIFIED,Likert,7,TRUE,TRUE,TRUE,6,6,6,6
584,312,2,2,KATE,CORRECT,Likert,1,TRUE,TRUE,FALSE,1,1,1,1
772,858,12,12,ANNA,JUSTIFIED,Likert,6,TRUE,FALSE,FALSE,6,6,6,6
346,296,12,12,ANNA,TRUE,Likert,7,TRUE,TRUE,FALSE,6,6,6,6
341,147,2,2,KATE,CORRECT,Likert,1,TRUE,TRUE,TRUE,1,1,1,1
1191,115,10,12,KATE,"NATURAL",Likert,1,TRUE,FALSE,TRUE,5,5,6,6
50,144,12,12,ANNA,TRUSTWORTHY,Likert,4,TRUE,TRUE,FALSE,6,6,6,6
856,123,10,7,ANNA,RIGHT,Likert,7,TRUE,TRUE,TRUE,6,4,1,6
1367,62,4,7,KATE,JUSTIFIED,Likert,5,FALSE,TRUE,TRUE,3,1,6,1
1384,198,10,12,KATE,TRUSTWORTHY,Likert,3,TRUE,TRUE,TRUE,4,6,6,6
1184,129,7,4,ANNA,CORRECT,Likert,7,TRUE,TRUE,TRUE,6,1,3,1
1381,111,10,12,KATE,TRUSTWORTHY,Likert,1,TRUE,TRUE,TRUE,6,4,6,6
1246,171,2,2,KATE,CORRECT,Likert,5,FALSE,TRUE,TRUE,1,1,1,1
996,80,12,12,ANNA,TRUSTWORTHY,Likert,7,TRUE,TRUE,TRUE,6,6,6,6
808,149,10,7,ANNA,TRUE,Likert,7,TRUE,TRUE,TRUE,5,5,3,4
1090,691,4,2,ANNA,JUSTIFIED,Likert,2,TRUE,TRUE,TRUE,3,1,1,1
700,145,2,2,KATE,TRUE,Likert,1,TRUE,TRUE,TRUE,1,1,1,1
396,225,4,2,ANNA,RIGHT,Likert,7,TRUE,TRUE,TRUE,1,3,1,1
1297,274,4,2,ANNA,TRUE,Likert,7,TRUE,TRUE,TRUE,2,2,1,1
644,220,4,7,KATE,CORRECT,Likert,1,TRUE,TRUE,TRUE,3,1,5,2
382,465,12,12,ANNA,"NATURAL",Likert,7,TRUE,TRUE,TRUE,6,6,6,6
478,676,12,12,ANNA,"NATURAL",Likert,7,TRUE,TRUE,FALSE,6,6,6,6
492,303,12,12,ANNA,"NATURAL",Likert,6,TRUE,TRUE,TRUE,6,6,6,6
433,199,12,12,ANNA,"NATURAL",Likert,6,TRUE,TRUE,TRUE,6,6,6,6
578,163,12,12,ANNA,"NATURAL",Likert,5,TRUE,TRUE,TRUE,6,6,6,6
616,549,12,12,ANNA,"NATURAL",Likert,7,TRUE,TRUE,TRUE,6,6,6,6
1208,60,12,12,ANNA,"NATURAL",Likert,3,TRUE,FALSE,FALSE,6,6,6,6
840,1021,12,12,ANNA,"NATURAL",Likert,7,TRUE,TRUE,TRUE,6,6,6,6
56,413,12,12,ANNA,"NATURAL",Likert,7,TRUE,TRUE,TRUE,6,6,6,6
155,261,12,12,ANNA,"NATURAL",Likert,6,TRUE,TRUE,TRUE,6,6,6,6
1361,199,4,7,KATE,JUSTIFIED,Likert,3,TRUE,TRUE,TRUE,3,1,2,5
622,227,10,7,ANNA,TRUSTWORTHY,Likert,6,TRUE,TRUE,TRUE,6,4,1,6
646,96,4,2,ANNA,TRUSTWORTHY,Likert,2,TRUE,FALSE,TRUE,2,2,1,1
10,320,10,7,ANNA,"NATURAL",Likert,6,TRUE,TRUE,TRUE,5,5,1,6
100,146,10,7,ANNA,"NATURAL",Likert,5,TRUE,TRUE,TRUE,4,6,4,3
24,273,7,4,ANNA,CORRECT,Likert,7,TRUE,TRUE,TRUE,2,5,3,1
39,112,7,10,KATE,RIGHT,Likert,1,TRUE,TRUE,TRUE,5,2,5,5
319,307,7,4,ANNA,JUSTIFIED,Likert,1,TRUE,TRUE,TRUE,1,6,3,1
1411,92,10,12,KATE,"NATURAL",Likert,1,TRUE,TRUE,TRUE,4,6,6,6
1042,249,4,7,KATE,JUSTIFIED,Likert,1,TRUE,TRUE,TRUE,1,3,1,6
1069,605,10,7,ANNA,JUSTIFIED,Likert,1,TRUE,TRUE,TRUE,4,6,2,5
1413,563,7,4,ANNA,JUSTIFIED,Likert,1,TRUE,TRUE,TRUE,4,3,1,3
1,49,10,7,ANNA,JUSTIFIED,Likert,6,TRUE,TRUE,TRUE,5,5,3,4
16,118,7,10,KATE,TRUSTWORTHY,Likert,4,TRUE,FALSE,TRUE,1,6,5,5
147,167,4,2,ANNA,TRUSTWORTHY,Likert,2,TRUE,TRUE,TRUE,1,3,1,1
784,393,7,4,ANNA,TRUSTWORTHY,Likert,2,TRUE,TRUE,TRUE,3,4,2,2
278,174,10,12,KATE,RIGHT,Likert,1,TRUE,TRUE,TRUE,5,5,6,6
679,144,7,10,KATE,CORRECT,Likert,1,TRUE,TRUE,TRUE,3,4,4,6
420,186,7,10,KATE,RIGHT,Likert,1,TRUE,TRUE,TRUE,6,1,6,4
143,198,4,7,KATE,"NATURAL",Likert,3,TRUE,TRUE,TRUE,3,1,3,4
301,224,7,4,ANNA,"NATURAL",Likert,6,TRUE,TRUE,TRUE,2,5,2,2
711,128,7,4,ANNA,JUSTIFIED,Likert,7,TRUE,TRUE,TRUE,5,2,1,3
917,143,7,4,ANNA,TRUE,Likert,7,TRUE,TRUE,TRUE,1,6,1,3
675,124,7,10,KATE,RIGHT,Likert,1,TRUE,TRUE,TRUE,2,5,4,6
1022,176,7,10,KATE,TRUSTWORTHY,Likert,7,TRUE,FALSE,TRUE,3,4,5,5
157,99,7,4,ANNA,RIGHT,Likert,6,TRUE,TRUE,FALSE,6,1,3,1
406,172,7,10,KATE,TRUSTWORTHY,Likert,2,TRUE,TRUE,TRUE,1,6,4,6
233,155,10,7,ANNA,CORRECT,Likert,7,TRUE,TRUE,TRUE,5,5,3,4
1344,142,10,7,ANNA,CORRECT,Likert,7,TRUE,TRUE,TRUE,5,5,4,3
1271,130,4,7,KATE,CORRECT,Likert,1,TRUE,TRUE,TRUE,1,3,1,6
1346,117,7,4,ANNA,TRUSTWORTHY,Likert,7,TRUE,TRUE,TRUE,2,5,3,1
1368,119,4,7,KATE,"NATURAL",Likert,2,TRUE,TRUE,TRUE,2,2,2,5
1033,66,4,2,ANNA,RIGHT,Likert,7,TRUE,TRUE,TRUE,3,1,1,1
500,117,7,10,KATE,TRUE,Likert,1,TRUE,TRUE,TRUE,6,1,4,6
1165,226,4,7,KATE,TRUSTWORTHY,Likert,4,TRUE,FALSE,TRUE,3,1,4,3
1216,144,4,7,KATE,TRUSTWORTHY,Likert,4,TRUE,FALSE,TRUE,2,2,3,4
607,62,4,7,KATE,TRUE,Likert,1,TRUE,TRUE,TRUE,1,3,1,6
478,107,4,7,KATE,TRUE,Likert,1,TRUE,TRUE,TRUE,1,3,6,1
430,146,7,4,ANNA,RIGHT,Likert,4,TRUE,TRUE,TRUE,1,6,2,2
314,216,4,7,KATE,RIGHT,Likert,1,TRUE,TRUE,TRUE,2,2,5,2
292,205,7,10,KATE,"NATURAL",Likert,1,TRUE,TRUE,TRUE,4,3,5,5
1020,183,7,10,KATE,"NATURAL",Likert,4,TRUE,TRUE,TRUE,4,3,5,5
1185,96,7,10,KATE,"NATURAL",Likert,3,TRUE,TRUE,TRUE,4,3,5,5
749,453,10,12,KATE,CORRECT,Likert,1,TRUE,TRUE,TRUE,5,5,6,6
1393,251,7,10,KATE,CORRECT,Likert,7,TRUE,TRUE,TRUE,2,5,4,6
88,735,7,4,ANNA,RIGHT,Likert,3,TRUE,TRUE,TRUE,1,6,3,1
483,112,4,2,ANNA,TRUE,Likert,6,TRUE,TRUE,TRUE,3,1,1,1
1301,149,7,4,ANNA,RIGHT,Likert,7,TRUE,TRUE,TRUE,1,6,3,1
816,141,7,10,KATE,"NATURAL",Likert,6,TRUE,TRUE,TRUE,6,1,6,4
609,218,7,4,ANNA,"NATURAL",Likert,5,TRUE,TRUE,FALSE,1,6,3,1
783,1140,4,7,KATE,JUSTIFIED,Likert,6,TRUE,TRUE,TRUE,2,2,5,2
861,125,7,10,KATE,TRUE,Likert,1,TRUE,TRUE,TRUE,1,6,6,4
922,145,10,12,KATE,TRUE,Likert,1,TRUE,TRUE,TRUE,6,4,6,6
1104,174,10,12,KATE,TRUE,Likert,1,TRUE,TRUE,TRUE,6,4,6,6
1422,1031,10,12,KATE,TRUE,Likert,1,TRUE,TRUE,TRUE,6,4,6,6
363,566,10,7,ANNA,JUSTIFIED,Likert,6,TRUE,TRUE,TRUE,4,6,2,5
1268,233,10,7,ANNA,JUSTIFIED,Likert,1,TRUE,TRUE,TRUE,4,6,2,5
1288,163,10,7,ANNA,JUSTIFIED,Likert,1,TRUE,FALSE,TRUE,4,6,2,5
215,545,7,10,KATE,TRUSTWORTHY,Likert,7,TRUE,TRUE,FALSE,1,6,4,6
1060,83,4,7,KATE,JUSTIFIED,Likert,1,TRUE,TRUE,TRUE,2,2,1,6
515,140,4,7,KATE,TRUSTWORTHY,Likert,5,FALSE,TRUE,TRUE,1,3,5,2
958,222,4,7,KATE,RIGHT,Likert,1,TRUE,FALSE,TRUE,2,2,2,5
488,54,10,7,ANNA,CORRECT,Likert,7,TRUE,TRUE,TRUE,5,5,2,5
1377,70,10,12,KATE,CORRECT,Likert,1,TRUE,TRUE,TRUE,5,5,6,6
410,58,10,7,ANNA,TRUSTWORTHY,Likert,4,TRUE,TRUE,TRUE,6,4,4,3
594,15,7,4,ANNA,TRUE,Likert,5,FALSE,TRUE,FALSE,2,5,1,3
1140,94,7,4,ANNA,JUSTIFIED,Likert,7,TRUE,TRUE,TRUE,3,4,1,3
1052,197,7,10,KATE,"NATURAL",Likert,1,TRUE,TRUE,TRUE,6,1,4,6
610,181,7,10,KATE,RIGHT,Likert,1,TRUE,TRUE,TRUE,4,3,5,5
566,98,10,7,ANNA,TRUE,Likert,5,TRUE,TRUE,TRUE,4,6,6,1
198,366,10,7,ANNA,TRUE,Likert,7,TRUE,TRUE,TRUE,6,4,6,1
367,199,10,7,ANNA,JUSTIFIED,Likert,7,TRUE,TRUE,TRUE,4,6,3,4
899,129,7,10,KATE,RIGHT,Likert,1,TRUE,TRUE,TRUE,3,4,5,5
1011,94,10,7,ANNA,RIGHT,Likert,7,TRUE,TRUE,TRUE,4,6,4,3
238,132,10,12,KATE,TRUE,Likert,1,TRUE,TRUE,TRUE,6,4,6,6
660,392,4,2,ANNA,TRUSTWORTHY,Likert,2,TRUE,TRUE,TRUE,1,3,1,1
946,108,10,7,ANNA,TRUSTWORTHY,Likert,4,TRUE,TRUE,TRUE,5,5,4,3
239,250,4,2,ANNA,CORRECT,Likert,7,TRUE,TRUE,FALSE,1,3,1,1
288,524,4,2,ANNA,CORRECT,Likert,7,TRUE,FALSE,TRUE,1,3,1,1
536,136,4,2,ANNA,TRUSTWORTHY,Likert,2,TRUE,TRUE,FALSE,2,2,1,1
678,151,7,10,KATE,JUSTIFIED,Likert,1,TRUE,TRUE,TRUE,5,2,5,5
492,440,7,10,KATE,TRUE,Likert,1,TRUE,TRUE,TRUE,2,5,4,6
596,106,10,7,ANNA,JUSTIFIED,Likert,1,TRUE,TRUE,TRUE,6,4,2,5
1111,189,4,7,KATE,RIGHT,Likert,1,TRUE,TRUE,TRUE,2,2,1,6
133,88,4,2,ANNA,CORRECT,Likert,7,TRUE,TRUE,TRUE,1,3,1,1
541,176,10,12,KATE,CORRECT,Likert,1,TRUE,TRUE,TRUE,5,5,6,6
1027,176,4,7,KATE,TRUE,Likert,1,TRUE,TRUE,TRUE,3,1,3,4
241,192,7,4,ANNA,RIGHT,Likert,7,TRUE,TRUE,TRUE,1,6,3,1
226,348,10,7,ANNA,CORRECT,Likert,1,TRUE,FALSE,TRUE,6,4,6,1
270,795,7,10,KATE,CORRECT,Likert,7,FALSE,TRUE,FALSE,6,1,4,6
754,996,4,7,KATE,JUSTIFIED,Likert,1,TRUE,TRUE,TRUE,3,1,2,5
966,98,7,10,KATE,TRUE,Likert,1,TRUE,TRUE,TRUE,3,4,4,6
508,1054,4,7,KATE,TRUE,Likert,1,TRUE,TRUE,TRUE,1,3,5,2
1354,993,7,10,KATE,RIGHT,Likert,1,TRUE,TRUE,TRUE,2,5,4,6
348,552,4,7,KATE,JUSTIFIED,Likert,1,TRUE,TRUE,TRUE,2,2,2,5
1013,104,4,7,KATE,CORRECT,Likert,1,TRUE,TRUE,TRUE,2,2,3,4
813,457,4,2,ANNA,TRUSTWORTHY,Likert,2,TRUE,TRUE,TRUE,2,2,1,1
1177,52,4,2,ANNA,CORRECT,Likert,6,TRUE,TRUE,TRUE,1,3,1,1
1334,440,7,4,ANNA,RIGHT,Likert,6,TRUE,TRUE,TRUE,3,4,1,3
1320,114,10,7,ANNA,CORRECT,Likert,7,TRUE,TRUE,TRUE,5,5,3,4
414,126,4,7,KATE,RIGHT,Likert,1,TRUE,FALSE,TRUE,1,3,6,1
1418,239,10,7,ANNA,TRUSTWORTHY,Likert,4,TRUE,TRUE,TRUE,4,6,6,1
914,278,10,7,ANNA,"NATURAL",Likert,7,TRUE,FALSE,TRUE,4,6,2,5
307,90,4,7,KATE,TRUE,Likert,1,TRUE,TRUE,TRUE,3,1,6,1
191,359,7,4,ANNA,RIGHT,Likert,1,TRUE,TRUE,TRUE,1,6,1,3
1297,180,7,4,ANNA,TRUSTWORTHY,Likert,2,TRUE,FALSE,FALSE,1,6,3,1
828,73,7,4,ANNA,TRUSTWORTHY,Likert,4,TRUE,TRUE,TRUE,1,6,3,1
798,96,7,4,ANNA,TRUSTWORTHY,Likert,3,TRUE,TRUE,TRUE,1,6,3,1
295,148,10,12,KATE,CORRECT,Likert,7,TRUE,TRUE,TRUE,5,5,6,6
493,59,10,7,ANNA,TRUE,Likert,7,TRUE,TRUE,TRUE,4,6,2,5
638,258,4,2,ANNA,CORRECT,Likert,7,TRUE,TRUE,TRUE,1,3,1,1
721,295,7,10,KATE,JUSTIFIED,Likert,1,TRUE,TRUE,TRUE,6,1,5,5
1408,81,7,10,KATE,JUSTIFIED,Likert,1,FALSE,TRUE,TRUE,6,1,5,5
1249,512,7,4,ANNA,"NATURAL",Likert,6,TRUE,TRUE,TRUE,5,2,2,2
765,156,10,12,KATE,"NATURAL",Likert,4,TRUE,TRUE,TRUE,4,6,6,6
1261,870,7,10,KATE,TRUSTWORTHY,Likert,1,TRUE,TRUE,TRUE,1,6,5,5
973,58,10,7,ANNA,TRUE,Likert,7,TRUE,TRUE,TRUE,6,4,5,2
351,104,7,10,KATE,"NATURAL",Likert,1,TRUE,TRUE,TRUE,5,2,5,5
1317,242,7,4,ANNA,"NATURAL",Likert,2,TRUE,TRUE,TRUE,6,1,2,2
937,109,7,10,KATE,"NATURAL",Likert,7,TRUE,TRUE,TRUE,3,4,6,4
499,140,7,10,KATE,"NATURAL",Likert,2,TRUE,TRUE,TRUE,1,6,5,5
903,145,7,10,KATE,TRUE,Likert,1,TRUE,TRUE,TRUE,1,6,5,5
787,766,7,10,KATE,"NATURAL",Likert,4,TRUE,TRUE,TRUE,4,3,4,6
412,296,7,4,ANNA,JUSTIFIED,Likert,1,TRUE,TRUE,TRUE,2,5,1,3
1204,142,4,7,KATE,"NATURAL",Likert,2,TRUE,TRUE,TRUE,2,2,1,6
1265,709,10,7,ANNA,"NATURAL",Likert,7,TRUE,TRUE,TRUE,4,6,4,3
496,39,10,12,KATE,CORRECT,Likert,1,TRUE,TRUE,FALSE,5,5,6,6
1207,231,7,10,KATE,RIGHT,Likert,1,TRUE,TRUE,TRUE,4,3,4,6
323,352,10,12,KATE,RIGHT,Likert,4,TRUE,FALSE,TRUE,5,5,6,6
985,48,7,10,KATE,"NATURAL",Likert,5,FALSE,FALSE,FALSE,6,1,4,6
1237,289,7,4,ANNA,RIGHT,Likert,7,TRUE,TRUE,TRUE,3,4,3,1
338,218,4,7,KATE,RIGHT,Likert,1,TRUE,TRUE,TRUE,2,2,6,1
1181,48,10,7,ANNA,TRUSTWORTHY,Likert,4,TRUE,TRUE,TRUE,5,5,6,1
1190,187,4,7,KATE,TRUE,Likert,1,TRUE,TRUE,TRUE,3,1,2,5
433,244,4,7,KATE,"NATURAL",Likert,2,TRUE,TRUE,TRUE,2,2,2,5
422,823,7,4,ANNA,CORRECT,Likert,7,TRUE,TRUE,TRUE,1,6,3,1
690,526,7,4,ANNA,TRUE,Likert,1,FALSE,TRUE,FALSE,5,2,3,1
1070,397,4,7,KATE,"NATURAL",Likert,1,TRUE,FALSE,TRUE,2,2,4,3
1285,337,4,7,KATE,"NATURAL",Likert,1,TRUE,TRUE,TRUE,2,2,4,3
1152,60,7,10,KATE,JUSTIFIED,Likert,1,TRUE,TRUE,TRUE,3,4,5,5
950,82,4,7,KATE,TRUE,Likert,1,TRUE,TRUE,TRUE,3,1,5,2
1325,549,4,7,KATE,TRUE,Likert,1,TRUE,TRUE,TRUE,3,1,5,2
1240,182,4,7,KATE,TRUE,Likert,1,TRUE,TRUE,TRUE,3,1,5,2
385,762,7,10,KATE,TRUE,Likert,1,TRUE,TRUE,FALSE,2,5,4,6
129,107,4,2,ANNA,RIGHT,Likert,7,TRUE,TRUE,TRUE,3,1,1,1
640,181,4,2,ANNA,RIGHT,Likert,7,FALSE,TRUE,FALSE,3,1,1,1
748,512,4,2,ANNA,RIGHT,Likert,6,TRUE,TRUE,TRUE,3,1,1,1
58,173,10,12,KATE,RIGHT,Likert,6,FALSE,TRUE,TRUE,5,5,6,6
390,178,7,10,KATE,TRUE,Likert,1,FALSE,TRUE,TRUE,4,3,6,4
668,65,7,4,ANNA,"NATURAL",Likert,1,TRUE,TRUE,FALSE,4,3,1,3
14,157,7,4,ANNA,"NATURAL",Likert,5,TRUE,TRUE,TRUE,4,3,1,3
355,373,4,7,KATE,RIGHT,Likert,1,TRUE,FALSE,TRUE,1,3,2,5
316,167,10,7,ANNA,TRUE,Likert,7,TRUE,TRUE,TRUE,5,5,1,6
221,183,4,7,KATE,RIGHT,Likert,1,TRUE,TRUE,TRUE,1,3,1,6
569,118,7,4,ANNA,JUSTIFIED,Likert,1,TRUE,TRUE,TRUE,4,3,2,2
964,135,10,7,ANNA,RIGHT,Likert,7,TRUE,TRUE,TRUE,5,5,2,5
427,1136,10,7,ANNA,RIGHT,Likert,5,TRUE,FALSE,TRUE,5,5,2,5
882,108,10,7,ANNA,RIGHT,Likert,7,TRUE,TRUE,TRUE,5,5,2,5
554,83,10,12,KATE,JUSTIFIED,Likert,2,FALSE,TRUE,TRUE,4,6,6,6
924,189,7,4,ANNA,TRUE,Likert,7,TRUE,TRUE,TRUE,1,6,3,1
1238,574,7,4,ANNA,"NATURAL",Likert,1,TRUE,TRUE,TRUE,4,3,1,3
92,227,10,7,ANNA,TRUE,Likert,7,TRUE,TRUE,TRUE,6,4,6,1
818,50,4,7,KATE,TRUE,Likert,1,TRUE,TRUE,TRUE,3,1,1,6
1030,122,10,7,ANNA,TRUSTWORTHY,Likert,5,FALSE,FALSE,TRUE,4,6,3,4
1066,269,10,7,ANNA,TRUSTWORTHY,Likert,1,TRUE,TRUE,TRUE,6,4,1,6
1311,307,10,7,ANNA,RIGHT,Likert,7,TRUE,TRUE,TRUE,5,5,2,5
1120,814,4,7,KATE,TRUE,Likert,1,TRUE,TRUE,TRUE,3,1,5,2
43,292,10,7,ANNA,TRUE,Likert,6,TRUE,TRUE,FALSE,5,5,5,2
879,171,10,7,ANNA,RIGHT,Likert,7,TRUE,TRUE,TRUE,4,6,2,5
1032,143,7,10,KATE,JUSTIFIED,Likert,1,TRUE,FALSE,TRUE,3,4,6,4
884,87,10,7,ANNA,TRUSTWORTHY,Likert,4,TRUE,TRUE,TRUE,5,5,3,4
311,303,10,7,ANNA,TRUE,Likert,7,TRUE,TRUE,TRUE,5,5,6,1
686,531,7,10,KATE,JUSTIFIED,Likert,1,TRUE,TRUE,TRUE,5,2,4,6
1187,224,4,2,ANNA,RIGHT,Likert,7,TRUE,TRUE,TRUE,3,1,1,1
1272,84,7,10,KATE,CORRECT,Likert,2,TRUE,TRUE,TRUE,1,6,4,6
222,116,4,2,ANNA,TRUSTWORTHY,Likert,7,TRUE,TRUE,TRUE,2,2,1,1
616,59,4,7,KATE,TRUE,Likert,1,TRUE,TRUE,TRUE,2,2,6,1
1083,371,7,4,ANNA,TRUE,Likert,7,TRUE,TRUE,TRUE,4,3,2,2
872,121,7,4,ANNA,TRUSTWORTHY,Likert,4,TRUE,FALSE,TRUE,3,4,1,3
1313,108,7,4,ANNA,CORRECT,Likert,7,TRUE,FALSE,TRUE,2,5,3,1
497,83,4,2,ANNA,TRUE,Likert,7,TRUE,TRUE,TRUE,3,1,1,1
564,220,7,4,ANNA,TRUSTWORTHY,Likert,7,TRUE,TRUE,FALSE,2,5,2,2
